timestamp;CH4;CO;O3;Gaz Fluorés;Particules;N2O;CFH
2025-08-20T06:44:18.941Z;23.84;26.31;32.96;6.34;4.32;1.16;43.73
2025-08-20T09:44:18.941Z;23.52;24.76;12.24;33.34;17.31;38.53;47.34
2025-08-20T12:44:18.941Z;22.05;32.09;34.38;37.74;39.02;34.83;17.49
2025-08-20T15:44:18.941Z;22.0;30.22;7.04;1.83;24.95;46.09;11.82
2025-08-20T18:44:18.941Z;23.88;20.99;5.5;49.74;37.64;41.8;41.24
2025-08-20T21:44:18.941Z;21.68;4.44;11.81;14.31;19.51;9.49;38.4
2025-08-21T00:44:18.941Z;23.55;44.35;3.72;2.28;6.37;45.91;18.86
2025-08-21T03:44:18.941Z;20.08;19.65;45.2;8.93;26.17;8.17;17.76
2025-08-21T06:44:18.941Z;22.1;11.43;25.81;43.31;16.55;26.56;4.68
2025-08-21T09:44:18.941Z;21.37;3.96;48.7;38.87;23.46;33.99;27.04
2025-08-21T12:44:18.941Z;16.37;25.81;13.24;38.46;38.45;48.36;27.41
2025-08-21T15:44:18.941Z;12.12;36.02;45.29;16.61;49.87;8.3;24.7
2025-08-21T18:44:18.941Z;23.91;18.56;41.19;45.42;42.27;39.39;35.01
2025-08-21T21:44:18.941Z;13.51;46.48;19.69;41.68;23.43;11.61;30.36
2025-08-22T00:44:18.941Z;19.89;4.14;33.63;23.97;6.71;39.37;42.83
2025-08-22T03:44:18.941Z;12.34;14.62;22.67;41.72;31.13;16.5;2.55
2025-08-22T06:44:18.941Z;15.58;32.56;20.37;39.66;47.12;24.52;25.42
2025-08-22T09:44:18.941Z;22.63;24.18;24.28;47.97;10.04;1.76;39.22
2025-08-22T12:44:18.941Z;18.3;14.67;31.09;34.59;6.23;29.3;49.75
2025-08-22T15:44:18.941Z;12.99;39.1;1.08;26.13;23.03;31.34;41.17
2025-08-22T18:44:18.941Z;22.86;5.38;36.98;17.53;6.71;16.3;12.56
2025-08-22T21:44:18.941Z;18.51;42.05;26.26;31.86;26.5;23.78;19.17
2025-08-23T00:44:18.941Z;10.95;49.67;37.32;44.6;6.53;37.23;20.1
2025-08-23T03:44:18.941Z;13.03;1.99;29.19;45.45;18.12;49.83;39.89
2025-08-23T06:44:18.941Z;13.2;2.41;48.02;8.33;16.88;17.77;33.98
2025-08-23T09:44:18.941Z;10.14;43.57;7.1;19.79;42.37;49.88;25.73
2025-08-23T12:44:18.941Z;23.61;18.0;12.17;39.84;20.63;10.92;10.94
2025-08-23T15:44:18.941Z;18.04;26.93;15.53;11.68;15.27;7.2;45.34
2025-08-23T18:44:18.941Z;24.96;40.2;18.26;5.16;37.43;44.83;22.7
2025-08-23T21:44:18.941Z;19.65;47.52;32.39;39.72;3.42;24.51;19.73
2025-08-24T00:44:18.941Z;24.68;3.05;38.29;41.71;34.73;32.67;13.91
2025-08-24T03:44:18.941Z;24.66;19.71;8.2;0.82;19.86;39.43;41.28
2025-08-24T06:44:18.941Z;12.37;3.17;31.49;41.26;1.74;33.91;41.91
2025-08-24T09:44:18.941Z;14.11;42.08;1.67;41.87;15.61;8.04;22.33
2025-08-24T12:44:18.941Z;16.24;48.78;35.51;44.08;49.73;36.64;39.37
2025-08-24T15:44:18.941Z;23.06;27.1;47.12;32.05;45.08;46.93;37.68
2025-08-24T18:44:18.941Z;12.59;8.29;36.94;31.85;1.64;20.04;45.23
2025-08-24T21:44:18.941Z;22.81;39.77;23.35;41.62;30.08;10.05;13.38
2025-08-25T00:44:18.941Z;13.45;35.79;45.95;7.59;48.95;16.66;46.21
2025-08-25T03:44:18.941Z;16.4;21.71;39.45;17.4;25.09;38.05;32.0
2025-08-25T06:44:18.941Z;10.32;47.21;14.64;9.97;38.86;8.1;34.93
2025-08-25T09:44:18.941Z;16.33;13.13;26.81;20.27;13.38;29.48;11.64
2025-08-25T12:44:18.941Z;23.94;0.92;17.22;7.01;3.66;3.97;16.47
2025-08-25T15:44:18.941Z;15.15;15.71;40.53;16.38;16.13;45.26;1.86
2025-08-25T18:44:18.941Z;13.47;43.89;9.52;2.42;42.07;35.96;1.62
2025-08-25T21:44:18.941Z;24.79;30.48;1.07;39.91;45.12;43.61;24.06
2025-08-26T00:44:18.941Z;15.67;26.63;34.88;40.68;12.99;47.19;15.24
2025-08-26T03:44:18.941Z;21.55;15.36;3.68;19.86;30.95;12.52;26.51
2025-08-26T06:44:18.941Z;19.18;27.96;47.66;24.24;17.56;9.67;11.04
2025-08-26T09:44:18.941Z;22.46;5.36;8.51;4.47;49.04;24.94;9.18
2025-08-26T12:44:18.941Z;24.41;17.12;19.76;30.69;28.53;43.15;6.42
2025-08-26T15:44:18.941Z;18.1;21.53;36.82;42.16;13.27;15.34;16.84
2025-08-26T18:44:18.941Z;21.77;26.58;28.22;4.75;10.7;39.07;41.28
2025-08-26T21:44:18.941Z;16.45;7.07;17.8;20.25;49.48;9.21;17.6
2025-08-27T00:44:18.941Z;11.39;17.89;44.26;5.16;13.12;1.28;43.37
2025-08-27T03:44:18.941Z;19.87;45.9;8.83;17.4;3.4;43.18;20.34
2025-08-27T06:44:18.941Z;17.54;23.41;12.37;21.31;10.01;43.53;0.2
2025-08-27T09:44:18.941Z;20.5;47.68;41.45;5.33;33.49;28.21;48.17
2025-08-27T12:44:18.941Z;14.49;24.16;2.95;32.98;9.1;5.63;30.03
2025-08-27T15:44:18.941Z;16.19;24.3;31.07;14.63;1.53;40.2;38.83
2025-08-27T18:44:18.941Z;24.12;18.37;34.69;23.46;13.43;6.62;25.02
2025-08-27T21:44:18.941Z;15.24;30.87;2.18;28.28;20.2;48.28;2.81
2025-08-28T00:44:18.941Z;17.13;3.14;8.98;17.94;45.75;42.98;7.54
2025-08-28T03:44:18.941Z;13.68;46.76;39.15;48.72;47.71;38.89;22.57
2025-08-28T06:44:18.941Z;19.74;45.17;41.32;10.9;11.11;30.97;12.74
2025-08-28T09:44:18.941Z;12.37;20.73;0.9;12.03;35.84;4.26;9.03
2025-08-28T12:44:18.941Z;24.34;37.7;48.42;48.3;42.71;46.08;27.51
2025-08-28T15:44:18.941Z;16.69;28.15;8.73;32.23;7.15;5.6;14.95
2025-08-28T18:44:18.941Z;21.45;22.7;38.3;18.89;0.54;41.68;39.78
2025-08-28T21:44:18.941Z;11.93;38.01;40.53;10.33;18.96;18.86;47.16
2025-08-29T00:44:18.941Z;12.43;19.4;26.5;1.38;20.54;7.76;34.73
2025-08-29T03:44:18.941Z;22.27;10.87;39.25;12.14;5.75;45.36;3.62
2025-08-29T06:44:18.941Z;23.29;9.98;0.5;24.04;29.83;0.41;18.26
2025-08-29T09:44:18.941Z;14.79;49.76;5.28;35.78;12.64;29.9;45.76
2025-08-29T12:44:18.941Z;10.93;0.79;2.03;38.17;24.53;31.23;20.86
2025-08-29T15:44:18.941Z;15.1;18.1;28.78;5.64;49.13;46.09;23.94
2025-08-29T18:44:18.941Z;17.9;35.58;28.46;25.47;6.61;11.46;6.41
2025-08-29T21:44:18.941Z;10.61;34.9;9.37;41.29;49.09;22.26;5.75
2025-08-30T00:44:18.941Z;15.34;15.57;19.77;31.4;24.68;40.94;33.41
2025-08-30T03:44:18.941Z;10.29;43.21;18.06;19.78;16.62;28.92;44.59
2025-08-30T06:44:18.941Z;10.41;7.05;27.77;44.44;25.57;36.92;36.58
2025-08-30T09:44:18.941Z;17.08;41.88;40.08;5.98;4.47;40.66;4.35
2025-08-30T12:44:18.941Z;19.47;17.53;18.1;2.62;35.33;11.86;25.78
2025-08-30T15:44:18.941Z;23.95;23.49;4.82;36.77;47.19;7.09;11.64
2025-08-30T18:44:18.941Z;18.33;38.82;13.61;27.25;41.21;11.06;33.47
2025-08-30T21:44:18.941Z;18.75;10.21;42.82;42.18;25.57;33.13;43.33
2025-08-31T00:44:18.941Z;11.1;34.58;41.0;22.57;35.52;46.56;5.42
2025-08-31T03:44:18.941Z;15.32;10.45;24.14;32.2;2.21;1.37;48.45
2025-08-31T06:44:18.941Z;24.1;1.5;41.79;43.23;16.25;48.83;31.54
2025-08-31T09:44:18.941Z;13.22;9.24;45.88;46.99;41.97;23.44;25.01
2025-08-31T12:44:18.941Z;13.88;15.35;0.05;5.34;19.83;24.55;36.31
2025-08-31T15:44:18.941Z;22.64;25.94;28.24;49.51;33.09;27.79;34.36
2025-08-31T18:44:18.941Z;12.34;8.13;24.61;39.25;22.13;21.05;36.26
2025-08-31T21:44:18.941Z;10.97;43.72;46.85;43.69;30.8;16.42;17.75
2025-09-01T00:44:18.941Z;17.38;29.74;22.18;32.78;47.37;21.56;2.44
2025-09-01T03:44:18.941Z;22.38;11.05;11.17;2.59;42.67;39.06;36.23
2025-09-01T06:44:18.941Z;15.76;39.8;12.34;42.29;41.88;37.58;7.37
2025-09-01T09:44:18.941Z;16.86;16.15;8.7;15.65;16.93;38.24;24.16
2025-09-01T12:44:18.941Z;14.79;7.94;4.41;40.59;20.96;22.21;11.36
2025-09-01T15:44:18.941Z;18.92;6.27;2.32;32.63;42.16;11.31;3.64
2025-09-01T18:44:18.941Z;20.11;34.36;49.19;49.68;3.21;40.8;46.13
2025-09-01T21:44:18.941Z;12.45;28.74;45.09;12.37;4.15;16.62;2.64
2025-09-02T00:44:18.941Z;10.77;26.05;30.46;6.88;29.03;9.8;10.27
2025-09-02T03:44:18.941Z;16.54;6.7;20.76;38.13;26.88;7.61;17.47
2025-09-02T06:44:18.941Z;11.28;16.34;47.26;37.15;1.5;0.43;4.19
2025-09-02T09:44:18.941Z;15.77;17.25;11.51;24.36;14.34;25.17;11.46
2025-09-02T12:44:18.941Z;15.15;28.46;39.64;28.45;26.37;37.31;23.23
2025-09-02T15:44:18.941Z;13.96;7.7;14.81;26.56;32.03;47.9;3.31
2025-09-02T18:44:18.941Z;13.87;36.08;0.23;39.87;44.08;36.57;9.3
2025-09-02T21:44:18.941Z;13.28;32.46;20.97;36.69;49.82;17.25;15.55
2025-09-03T00:44:18.941Z;14.48;8.59;43.97;13.41;1.87;27.73;4.2
2025-09-03T03:44:18.941Z;15.27;43.21;7.66;4.82;49.73;12.19;42.49
2025-09-03T06:44:18.941Z;18.64;8.89;32.22;21.17;13.89;37.34;18.53
2025-09-03T09:44:18.941Z;19.16;25.06;21.02;42.36;6.01;30.29;19.87
2025-09-03T12:44:18.941Z;13.46;30.59;41.77;28.39;37.63;34.97;31.51
2025-09-03T15:44:18.941Z;10.29;29.33;26.38;38.11;3.94;4.32;17.76
2025-09-03T18:44:18.941Z;11.36;32.5;10.22;13.84;32.56;16.41;5.62
2025-09-03T21:44:18.941Z;17.07;4.06;47.72;7.94;32.74;40.53;21.11
2025-09-04T00:44:18.941Z;13.31;28.95;46.25;37.79;46.25;35.89;35.8
2025-09-04T03:44:18.941Z;15.93;48.98;18.11;34.29;21.74;16.14;42.51
2025-09-04T06:44:18.941Z;15.34;31.56;16.06;27.7;18.38;1.56;18.67
2025-09-04T09:44:18.941Z;10.77;3.26;9.1;5.79;48.02;47.63;7.19
2025-09-04T12:44:18.941Z;22.23;49.15;19.52;20.25;17.26;1.39;25.93
2025-09-04T15:44:18.941Z;16.28;48.33;8.11;39.88;32.92;43.72;28.72
2025-09-04T18:44:18.941Z;19.59;8.97;3.93;30.51;15.2;16.34;35.5
2025-09-04T21:44:18.941Z;17.99;40.0;3.69;45.8;25.52;20.04;42.85
2025-09-05T00:44:18.941Z;21.38;12.18;43.12;1.75;26.48;43.59;14.92
2025-09-05T03:44:18.941Z;10.27;49.92;48.85;44.48;13.84;21.47;7.09
2025-09-05T06:44:18.941Z;12.78;29.67;34.49;21.54;41.33;1.29;22.54
2025-09-05T09:44:18.941Z;16.04;26.53;48.85;30.06;23.43;46.31;11.07
2025-09-05T12:44:18.941Z;18.58;9.1;7.7;0.12;42.11;42.19;4.93
2025-09-05T15:44:18.941Z;10.29;24.2;20.79;42.08;16.6;8.12;13.98
2025-09-05T18:44:18.941Z;18.18;4.49;24.07;27.69;13.16;24.37;18.46
2025-09-05T21:44:18.941Z;18.23;19.52;28.9;45.26;17.48;28.35;23.53
2025-09-06T00:44:18.941Z;15.93;6.51;40.6;22.84;33.79;6.22;18.55
2025-09-06T03:44:18.941Z;11.1;16.17;27.12;27.53;31.21;10.44;35.22
2025-09-06T06:44:18.941Z;21.11;20.06;26.84;26.17;45.45;4.09;34.97
2025-09-06T09:44:18.941Z;16.92;15.21;4.46;12.02;28.7;44.57;17.22
2025-09-06T12:44:18.941Z;20.18;14.44;22.71;41.45;18.41;2.1;24.45
2025-09-06T15:44:18.941Z;17.08;20.14;28.15;14.93;4.07;22.54;36.18
2025-09-06T18:44:18.941Z;22.87;16.12;23.72;7.03;17.14;40.76;4.89
2025-09-06T21:44:18.941Z;22.57;13.67;29.83;41.15;41.85;28.1;37.34
2025-09-07T00:44:18.941Z;15.29;2.3;34.15;32.44;23.51;16.62;0.76
2025-09-07T03:44:18.941Z;17.35;25.55;7.48;35.45;39.25;40.19;47.5
2025-09-07T06:44:18.941Z;20.79;14.81;20.8;43.43;46.9;5.04;11.93
2025-09-07T09:44:18.941Z;12.59;7.61;41.67;4.88;27.9;49.49;48.17
2025-09-07T12:44:18.941Z;23.48;17.85;44.84;41.57;16.44;36.04;26.52
2025-09-07T15:44:18.941Z;16.95;17.53;32.65;38.07;25.55;28.4;20.06
2025-09-07T18:44:18.941Z;19.14;37.27;8.38;49.92;46.23;14.61;25.71
2025-09-07T21:44:18.941Z;10.37;1.84;25.91;14.7;29.16;8.7;44.45
2025-09-08T00:44:18.941Z;23.23;40.17;35.86;10.28;13.04;24.54;32.86
2025-09-08T03:44:18.941Z;17.24;36.52;31.68;49.19;0.15;48.85;4.95
2025-09-08T06:44:18.941Z;20.63;43.9;0.92;1.84;19.02;26.61;31.26
2025-09-08T09:44:18.941Z;14.45;21.01;13.39;38.93;33.14;20.55;23.41
2025-09-08T12:44:18.941Z;15.25;8.82;45.25;4.05;38.41;33.9;11.47
2025-09-08T15:44:18.941Z;20.28;49.06;30.17;6.76;15.22;34.88;28.77
2025-09-08T18:44:18.941Z;12.4;34.03;5.18;30.49;48.39;23.7;19.17
2025-09-08T21:44:18.941Z;21.89;2.35;10.75;41.2;10.35;42.97;22.76
2025-09-09T00:44:18.941Z;15.75;28.68;43.71;38.67;6.2;49.43;17.19
2025-09-09T03:44:18.941Z;12.19;5.39;41.35;32.58;7.59;34.65;3.19
2025-09-09T06:44:18.941Z;20.95;26.2;2.92;25.32;19.9;22.57;3.51
2025-09-09T09:44:18.941Z;19.21;12.97;5.52;44.58;30.14;7.79;45.14
2025-09-09T12:44:18.941Z;21.19;19.75;16.4;26.2;31.31;14.32;42.37
2025-09-09T15:44:18.941Z;23.58;18.22;16.17;23.35;36.49;37.89;12.06
2025-09-09T18:44:18.941Z;21.39;34.3;10.94;16.15;4.38;13.42;4.49
2025-09-09T21:44:18.941Z;11.11;28.86;23.05;24.67;20.96;23.71;20.44
2025-09-10T00:44:18.941Z;23.01;14.42;12.94;17.92;21.14;39.05;14.54
2025-09-10T03:44:18.941Z;19.93;19.83;41.15;23.27;38.81;37.91;30.33
2025-09-10T06:44:18.941Z;10.09;26.4;40.09;20.0;48.23;1.53;32.02
2025-09-10T09:44:18.941Z;14.87;11.64;14.72;15.13;27.07;39.89;35.14
2025-09-10T12:44:18.941Z;21.1;45.78;14.11;8.27;23.57;31.03;19.23
2025-09-10T15:44:18.941Z;15.07;35.74;36.23;36.27;22.71;49.5;30.05
2025-09-10T18:44:18.941Z;24.61;32.34;18.98;46.82;48.26;7.78;17.88
2025-09-10T21:44:18.941Z;16.92;42.99;34.49;41.19;5.74;31.61;18.48
2025-09-11T00:44:18.941Z;18.18;25.51;11.22;15.88;36.7;7.08;16.36
2025-09-11T03:44:18.941Z;15.85;33.45;49.07;7.56;42.06;45.59;47.35
2025-09-11T06:44:18.941Z;11.76;5.95;43.11;43.88;33.85;8.03;45.44
2025-09-11T09:44:18.941Z;24.65;49.28;47.61;42.01;12.33;45.6;7.44
2025-09-11T12:44:18.941Z;18.65;42.47;0.3;13.95;45.01;45.94;13.1
2025-09-11T15:44:18.941Z;13.45;1.07;22.84;0.35;14.52;10.28;24.76
2025-09-11T18:44:18.941Z;14.5;13.72;11.84;8.61;5.89;30.25;5.18
2025-09-11T21:44:18.941Z;14.51;40.36;20.7;20.17;30.25;44.97;34.85
2025-09-12T00:44:18.941Z;10.72;29.61;9.73;9.42;45.04;28.23;38.7
2025-09-12T03:44:18.941Z;10.56;6.15;31.55;10.49;33.03;18.58;2.41
2025-09-12T06:44:18.941Z;11.14;22.77;42.32;3.02;11.15;0.09;12.55
2025-09-12T09:44:18.941Z;22.61;29.3;36.02;19.13;41.24;8.59;0.94
2025-09-12T12:44:18.941Z;13.78;21.43;26.44;2.73;1.22;17.16;45.17
2025-09-12T15:44:18.941Z;19.88;20.07;31.89;42.15;22.1;29.24;39.01
2025-09-12T18:44:18.941Z;15.83;14.74;22.28;19.87;30.05;23.72;0.87
2025-09-12T21:44:18.941Z;19.72;26.19;30.13;4.15;46.85;40.21;9.75
2025-09-13T00:44:18.941Z;11.66;22.18;6.93;1.71;17.39;47.75;41.64
2025-09-13T03:44:18.941Z;20.62;18.16;3.44;19.38;44.68;7.19;29.73
2025-09-13T06:44:18.941Z;13.78;13.1;40.95;46.86;31.42;49.89;23.02
2025-09-13T09:44:18.941Z;22.39;19.51;9.77;2.65;40.31;8.46;40.69
2025-09-13T12:44:18.941Z;22.07;47.34;27.7;37.43;2.66;28.27;13.06
2025-09-13T15:44:18.941Z;12.97;25.71;44.32;14.63;36.65;10.81;22.8
2025-09-13T18:44:18.941Z;21.16;23.23;40.73;12.33;44.97;22.25;9.61
2025-09-13T21:44:18.941Z;14.16;15.19;44.89;14.79;42.81;25.87;2.05
2025-09-14T00:44:18.941Z;15.73;36.31;4.48;27.17;41.09;34.8;10.69
2025-09-14T03:44:18.941Z;24.2;37.83;21.03;30.84;9.75;23.95;27.12
2025-09-14T06:44:18.941Z;23.52;44.65;12.47;33.18;37.59;9.82;29.3
2025-09-14T09:44:18.941Z;19.4;5.07;12.59;25.54;12.25;42.6;49.11
2025-09-14T12:44:18.941Z;23.27;35.23;7.97;30.24;33.94;33.56;21.4
2025-09-14T15:44:18.941Z;14.67;31.64;22.01;47.33;21.2;24.05;10.49
2025-09-14T18:44:18.941Z;11.78;40.98;38.85;24.24;13.84;34.08;42.67
2025-09-14T21:44:18.941Z;19.51;49.19;37.3;49.92;0.54;27.32;43.98
2025-09-15T00:44:18.941Z;20.38;31.39;27.35;43.29;24.66;49.51;4.17
2025-09-15T03:44:18.941Z;19.48;10.47;41.02;47.9;6.18;45.14;38.87
2025-09-15T06:44:18.941Z;10.36;33.56;31.17;21.01;3.03;0.98;47.13
2025-09-15T09:44:18.941Z;13.63;6.73;12.29;8.98;39.05;48.13;44.43
2025-09-15T12:44:18.941Z;16.5;48.68;22.27;18.25;40.82;5.71;8.33
2025-09-15T15:44:18.941Z;20.18;9.57;18.57;46.73;41.1;16.32;30.16
2025-09-15T18:44:18.941Z;18.84;0.31;21.46;0.13;29.69;1.98;47.74
2025-09-15T21:44:18.941Z;16.01;2.32;27.3;48.29;42.42;32.07;36.02
2025-09-16T00:44:18.941Z;20.87;27.13;8.42;18.92;18.15;2.4;17.86
2025-09-16T03:44:18.941Z;24.39;14.19;46.53;37.28;31.55;15.62;43.65
2025-09-16T06:44:18.941Z;23.0;41.76;40.42;8.87;15.72;2.85;37.41
2025-09-16T09:44:18.941Z;24.33;5.45;44.36;36.4;27.49;1.14;4.92
2025-09-16T12:44:18.941Z;17.19;40.08;7.42;6.51;25.92;27.76;12.69
2025-09-16T15:44:18.941Z;12.95;12.9;1.0;38.87;42.0;29.25;49.51
2025-09-16T18:44:18.941Z;14.6;31.59;3.1;3.51;40.77;20.12;38.62
2025-09-16T21:44:18.941Z;10.76;2.89;15.21;33.3;29.24;43.96;29.6
2025-09-17T00:44:18.941Z;14.73;19.58;19.23;43.13;39.96;13.18;8.65
2025-09-17T03:44:18.941Z;19.17;34.9;10.76;30.96;25.7;30.18;14.83
2025-09-17T06:44:18.941Z;21.97;16.17;36.89;25.37;38.74;4.7;20.74
2025-09-17T09:44:18.941Z;14.97;34.26;22.59;30.27;33.13;8.54;4.76
2025-09-17T12:44:18.941Z;23.68;25.81;4.22;29.77;36.05;36.12;44.8
2025-09-17T15:44:18.941Z;11.63;4.09;22.71;37.25;13.27;29.35;32.68
2025-09-17T18:44:18.941Z;12.01;46.53;11.3;48.13;42.35;35.2;18.62
2025-09-17T21:44:18.941Z;19.03;28.92;3.31;15.12;19.71;45.02;33.05
2025-09-18T00:44:18.941Z;10.16;27.86;10.45;37.44;4.39;35.68;3.2
2025-09-18T03:44:18.941Z;19.2;36.52;15.66;10.2;41.02;0.5;22.97
2025-09-18T06:44:18.941Z;19.01;3.95;5.43;5.85;49.88;23.88;40.28
2025-09-18T09:44:18.941Z;16.59;0.86;39.31;40.36;32.3;7.46;49.55
2025-09-18T12:44:18.941Z;21.36;35.79;11.25;20.99;44.56;42.26;43.86
2025-09-18T15:44:18.941Z;17.8;4.98;34.53;16.87;44.4;11.0;24.54
2025-09-18T18:44:18.941Z;20.06;45.92;48.18;14.7;1.95;13.87;48.41
2025-09-18T21:44:18.941Z;12.11;8.04;43.17;2.31;27.87;18.5;38.95
2025-09-19T00:44:18.941Z;10.3;7.27;25.73;13.55;49.64;26.35;49.7
2025-09-19T03:44:18.941Z;16.63;3.21;11.77;41.25;7.49;48.19;9.73
2025-09-19T06:44:18.941Z;22.22;18.2;4.17;48.14;25.79;40.29;34.76
2025-09-19T09:44:18.941Z;14.34;2.37;5.06;39.28;32.97;6.18;13.93
2025-09-19T12:44:18.941Z;16.25;23.64;24.98;34.06;32.29;11.11;45.79
2025-09-19T15:44:18.941Z;15.26;13.7;14.56;31.21;20.2;34.46;33.73
2025-09-19T18:44:18.941Z;17.91;29.48;16.03;35.83;11.73;5.93;34.59
2025-09-19T21:44:18.941Z;16.88;3.75;1.66;0.28;11.23;31.94;13.8
2025-09-20T00:44:18.941Z;20.66;6.11;35.65;6.04;37.73;30.12;14.74
2025-09-20T03:44:18.941Z;21.1;36.12;8.97;5.89;47.19;13.77;45.69
2025-09-20T06:44:18.941Z;22.03;4.13;42.04;49.32;34.44;3.42;40.81
2025-09-20T09:44:18.941Z;13.34;28.65;6.66;10.64;24.39;15.73;31.28
2025-09-20T12:44:18.941Z;24.48;43.29;40.95;5.05;10.72;40.14;45.05
2025-09-20T15:44:18.941Z;10.69;7.04;25.04;41.45;2.11;32.59;20.45
2025-09-20T18:44:18.941Z;16.93;11.78;36.33;36.89;48.73;6.6;9.41
2025-09-20T21:44:18.941Z;22.83;12.67;27.32;9.8;5.85;32.23;0.21
2025-09-21T00:44:18.941Z;19.62;46.48;3.95;14.1;25.79;8.85;45.31
2025-09-21T03:44:18.941Z;16.97;48.91;11.72;28.99;35.94;6.86;10.59
2025-09-21T06:44:18.941Z;13.31;16.63;26.34;33.31;48.65;14.81;31.64
2025-09-21T09:44:18.941Z;19.18;12.96;11.49;6.36;8.57;7.06;38.67
2025-09-21T12:44:18.941Z;19.2;35.44;1.33;30.86;2.63;46.99;5.04
2025-09-21T15:44:18.941Z;16.12;11.35;30.25;13.12;41.34;19.56;26.23
2025-09-21T18:44:18.941Z;12.58;40.19;16.5;13.32;46.25;48.71;46.28
2025-09-21T21:44:18.941Z;12.33;25.06;27.69;0.49;25.32;42.34;23.84
2025-09-22T00:44:18.941Z;19.42;14.14;30.36;48.62;22.8;30.43;0.46
2025-09-22T03:44:18.941Z;16.11;1.26;11.61;33.22;41.41;10.77;36.36
2025-09-22T06:44:18.941Z;13.79;30.66;31.6;13.59;19.77;7.23;26.94
2025-09-22T09:44:18.941Z;17.52;3.75;11.54;1.12;15.88;30.97;26.06
2025-09-22T12:44:18.941Z;22.38;25.03;9.86;14.58;45.97;42.27;4.91
2025-09-22T15:44:18.941Z;24.3;7.95;28.77;34.69;38.24;26.09;28.63
2025-09-22T18:44:18.941Z;10.15;33.39;40.01;33.86;5.17;29.94;7.66
2025-09-22T21:44:18.941Z;23.31;35.04;27.85;22.59;44.57;12.67;35.77
2025-09-23T00:44:18.941Z;12.06;19.69;11.87;44.9;26.84;21.85;42.87
2025-09-23T03:44:18.941Z;22.46;23.05;42.44;12.17;33.77;7.72;20.47
2025-09-23T06:44:18.941Z;21.19;0.87;5.2;46.71;20.83;11.38;33.68
2025-09-23T09:44:18.941Z;13.7;47.22;42.51;25.25;45.25;10.45;26.77
2025-09-23T12:44:18.941Z;10.87;12.35;33.78;3.35;44.06;22.83;27.3
2025-09-23T15:44:18.941Z;21.3;11.1;22.13;3.0;19.86;8.22;22.76
2025-09-23T18:44:18.941Z;13.95;17.64;31.66;23.2;4.2;1.23;5.14
2025-09-23T21:44:18.941Z;12.76;19.21;18.2;1.51;39.91;11.99;19.96
2025-09-24T00:44:18.941Z;17.56;4.83;47.81;17.31;9.84;9.63;9.12
2025-09-24T03:44:18.941Z;20.72;43.59;31.16;42.7;49.61;46.77;47.36
2025-09-24T06:44:18.941Z;23.9;29.74;13.04;37.97;45.88;10.55;6.9
2025-09-24T09:44:18.941Z;23.34;46.91;33.8;13.23;23.44;27.82;29.85
2025-09-24T12:44:18.941Z;19.07;0.75;10.14;9.25;43.05;43.22;25.4
2025-09-24T15:44:18.941Z;13.67;34.87;14.28;31.68;9.43;45.36;29.64
2025-09-24T18:44:18.941Z;16.39;23.59;20.93;4.42;45.71;13.88;19.32
2025-09-24T21:44:18.941Z;24.16;45.08;25.74;39.24;0.68;38.89;45.85
2025-09-25T00:44:18.941Z;16.14;0.73;49.11;46.69;24.34;11.67;20.57
2025-09-25T03:44:18.941Z;24.97;16.96;42.11;2.0;0.66;6.12;32.13
2025-09-25T06:44:18.941Z;20.49;15.94;11.51;22.52;27.47;36.67;25.29
2025-09-25T09:44:18.941Z;10.72;23.59;15.41;39.86;7.46;8.55;14.42
2025-09-25T12:44:18.941Z;11.72;17.12;23.5;40.36;22.98;33.44;13.78
2025-09-25T15:44:18.941Z;18.44;14.67;27.98;20.89;18.91;39.34;5.07
2025-09-25T18:44:18.941Z;16.2;35.76;27.36;10.24;24.43;13.27;30.22
2025-09-25T21:44:18.941Z;22.06;29.45;12.08;24.85;45.62;28.09;40.4
2025-09-26T00:44:18.941Z;14.96;34.58;43.76;10.98;2.72;29.79;8.58
2025-09-26T03:44:18.941Z;12.43;23.5;35.44;20.49;10.86;33.47;46.72
2025-09-26T06:44:18.941Z;23.74;17.69;48.19;20.73;19.88;29.58;19.25
2025-09-26T09:44:18.941Z;16.16;35.94;30.2;12.42;42.17;42.07;1.61
2025-09-26T12:44:18.941Z;15.12;25.26;6.21;19.35;19.61;47.86;39.18
2025-09-26T15:44:18.941Z;21.26;28.12;24.16;11.66;25.91;17.91;7.12
2025-09-26T18:44:18.941Z;14.47;3.79;10.44;12.45;11.6;6.25;36.03
2025-09-26T21:44:18.941Z;13.93;48.57;1.43;45.27;2.46;44.17;36.65
2025-09-27T00:44:18.941Z;13.08;10.91;36.07;12.37;13.24;24.63;20.93
2025-09-27T03:44:18.941Z;17.29;46.7;40.07;35.75;33.42;35.4;19.15
2025-09-27T06:44:18.941Z;13.39;26.06;39.72;0.99;45.0;47.15;4.89
2025-09-27T09:44:18.941Z;13.79;16.54;1.55;13.96;12.95;23.22;11.8
2025-09-27T12:44:18.941Z;24.33;13.04;13.4;8.87;21.0;16.36;32.18
2025-09-27T15:44:18.941Z;10.31;1.45;10.26;13.82;4.16;1.52;43.78
2025-09-27T18:44:18.941Z;24.22;41.48;39.57;10.82;40.54;28.98;0.31
2025-09-27T21:44:18.941Z;20.66;44.82;0.23;36.0;30.59;20.48;7.81
2025-09-28T00:44:18.941Z;21.61;8.65;46.38;10.16;32.09;17.88;8.24
2025-09-28T03:44:18.941Z;22.13;27.75;23.9;15.45;20.31;22.01;17.39
2025-09-28T06:44:18.941Z;10.65;9.5;28.15;36.15;8.38;35.39;3.04
2025-09-28T09:44:18.941Z;12.26;13.36;35.43;3.36;8.59;28.0;45.3
2025-09-28T12:44:18.941Z;19.15;39.14;6.08;23.91;15.85;15.37;8.78
2025-09-28T15:44:18.941Z;21.29;11.21;0.21;12.17;14.73;18.05;1.18
2025-09-28T18:44:18.941Z;11.28;49.99;16.73;48.14;38.13;14.06;31.72
2025-09-28T21:44:18.941Z;13.07;34.23;9.06;0.7;40.04;27.05;26.0
2025-09-29T00:44:18.941Z;16.64;48.62;34.93;27.92;38.14;15.56;10.26
2025-09-29T03:44:18.941Z;21.24;27.26;39.01;22.32;0.39;5.1;32.35
2025-09-29T06:44:18.941Z;10.38;33.09;27.82;41.71;35.44;25.08;43.48
2025-09-29T09:44:18.941Z;12.81;14.84;30.82;43.77;0.33;35.36;48.75
2025-09-29T12:44:18.941Z;13.81;3.11;22.08;28.34;40.12;3.71;15.2
2025-09-29T15:44:18.941Z;22.45;24.45;17.34;5.81;40.84;24.18;24.34
2025-09-29T18:44:18.941Z;13.2;12.05;47.22;31.9;45.82;17.22;46.62
2025-09-29T21:44:18.941Z;20.37;46.37;12.21;29.97;43.78;5.75;15.84
2025-09-30T00:44:18.941Z;15.03;42.78;21.88;31.96;26.15;22.32;41.36
2025-09-30T03:44:18.941Z;22.67;17.3;17.6;3.47;40.08;46.1;6.89
2025-09-30T06:44:18.941Z;21.23;31.2;5.85;41.3;3.37;6.19;20.08
2025-09-30T09:44:18.941Z;18.51;48.8;9.41;23.53;44.33;18.17;49.01
2025-09-30T12:44:18.941Z;19.41;25.1;24.94;33.42;38.9;13.03;6.03
2025-09-30T15:44:18.941Z;18.26;38.73;39.06;32.52;13.92;40.84;48.5
2025-09-30T18:44:18.941Z;13.22;3.13;14.41;24.26;4.05;43.52;18.27
2025-09-30T21:44:18.941Z;22.15;6.77;2.63;29.24;3.45;18.41;27.01
2025-10-01T00:44:18.941Z;22.89;8.69;39.61;7.53;36.3;30.18;33.42
2025-10-01T03:44:18.941Z;16.13;28.58;15.47;7.53;21.11;19.1;49.33
2025-10-01T06:44:18.941Z;17.64;40.78;26.67;14.23;25.32;37.16;3.32
2025-10-01T09:44:18.941Z;22.05;3.55;10.37;16.97;34.73;46.75;39.83
2025-10-01T12:44:18.941Z;20.85;44.55;30.48;25.03;30.21;34.45;22.25
2025-10-01T15:44:18.941Z;23.23;14.59;44.83;12.47;34.04;22.29;32.15
2025-10-01T18:44:18.941Z;20.56;6.68;35.75;31.9;30.07;17.03;41.5
2025-10-01T21:44:18.941Z;14.14;41.8;8.86;24.15;39.47;5.4;45.71
2025-10-02T00:44:18.941Z;11.24;19.62;46.46;46.1;22.09;22.23;22.09
2025-10-02T03:44:18.941Z;14.72;3.69;0.55;39.81;18.27;27.99;9.67
2025-10-02T06:44:18.941Z;15.68;22.91;39.81;32.57;34.84;48.36;34.69
2025-10-02T09:44:18.941Z;11.52;49.86;6.68;6.94;14.1;20.89;23.15
2025-10-02T12:44:18.941Z;17.13;24.32;49.01;23.33;15.44;49.22;24.97
2025-10-02T15:44:18.941Z;18.36;39.03;48.39;3.84;33.26;36.1;34.58
2025-10-02T18:44:18.941Z;14.46;18.6;23.38;46.69;13.98;27.86;35.06
2025-10-02T21:44:18.941Z;24.28;24.99;7.08;38.24;27.93;43.28;17.82
2025-10-03T00:44:18.941Z;14.75;34.73;30.81;34.97;12.02;14.9;41.16
2025-10-03T03:44:18.941Z;17.49;36.65;12.63;45.56;10.22;5.08;11.74
2025-10-03T06:44:18.941Z;12.4;21.55;15.91;48.15;34.21;36.56;26.11
2025-10-03T09:44:18.941Z;18.28;22.64;19.22;33.72;34.23;26.9;45.59
2025-10-03T12:44:18.941Z;12.87;17.48;5.33;19.73;26.79;10.5;32.63
2025-10-03T15:44:18.941Z;10.29;25.47;34.44;49.31;13.7;11.31;17.69
2025-10-03T18:44:18.941Z;15.62;18.26;4.48;38.8;16.4;26.48;32.23
2025-10-03T21:44:18.941Z;24.07;20.22;23.94;12.85;46.27;3.78;24.58
2025-10-04T00:44:18.941Z;10.56;45.47;30.72;8.35;49.95;39.89;33.52
2025-10-04T03:44:18.941Z;13.76;13.23;47.97;30.66;21.5;25.09;13.4
2025-10-04T06:44:18.941Z;20.12;44.42;34.77;32.01;47.84;31.32;24.7
2025-10-04T09:44:18.941Z;24.13;25.77;28.85;38.08;11.61;12.88;20.95
2025-10-04T12:44:18.941Z;21.54;16.44;41.64;14.04;40.55;16.37;46.07
2025-10-04T15:44:18.941Z;22.58;4.11;35.75;21.61;13.9;8.59;15.54
2025-10-04T18:44:18.941Z;18.54;39.3;24.57;23.4;15.69;15.8;6.45
2025-10-04T21:44:18.941Z;23.51;14.6;4.38;22.72;33.76;27.07;15.53
2025-10-05T00:44:18.941Z;18.96;4.71;48.02;15.29;1.04;18.48;26.5
2025-10-05T03:44:18.941Z;24.29;12.96;42.51;46.2;18.84;18.53;45.06
2025-10-05T06:44:18.941Z;23.26;8.21;6.15;7.97;33.28;34.46;0.76
2025-10-05T09:44:18.941Z;19.55;44.83;16.47;18.67;47.28;22.03;43.47
2025-10-05T12:44:18.941Z;20.06;25.54;29.92;46.25;44.36;3.92;21.37
2025-10-05T15:44:18.941Z;22.01;47.02;20.09;15.69;43.03;6.36;29.25
2025-10-05T18:44:18.941Z;21.36;46.08;36.34;42.48;28.54;29.68;1.11
2025-10-05T21:44:18.941Z;23.82;34.43;49.24;8.8;47.29;31.28;10.05
2025-10-06T00:44:18.941Z;17.68;4.62;42.69;31.75;35.03;48.57;2.46
2025-10-06T03:44:18.941Z;13.8;38.01;3.16;31.47;3.66;22.3;9.39
2025-10-06T06:44:18.941Z;13.75;5.07;44.31;0.61;48.99;38.97;3.97
2025-10-06T09:44:18.941Z;23.41;23.41;16.36;21.92;1.57;47.0;48.2
2025-10-06T12:44:18.941Z;20.08;13.34;27.27;21.46;28.47;12.03;30.21
2025-10-06T15:44:18.941Z;19.14;2.56;31.21;4.59;29.78;10.56;17.94
2025-10-06T18:44:18.941Z;20.39;15.56;46.57;47.73;26.86;44.68;7.55
2025-10-06T21:44:18.941Z;21.38;9.74;33.89;17.58;34.86;4.55;39.83
2025-10-07T00:44:18.941Z;23.01;23.0;27.83;34.97;10.79;44.45;20.2
2025-10-07T03:44:18.941Z;14.98;30.49;38.39;12.85;7.54;9.15;27.53
2025-10-07T06:44:18.941Z;19.98;22.51;0.05;46.81;29.69;24.7;39.58
2025-10-07T09:44:18.941Z;21.12;36.13;14.44;38.72;24.91;0.1;32.5
2025-10-07T12:44:18.941Z;13.1;27.6;24.76;21.37;2.6;30.26;1.05
2025-10-07T15:44:18.941Z;14.17;41.15;11.01;29.43;46.5;31.38;8.35
2025-10-07T18:44:18.941Z;16.38;43.56;14.55;25.78;5.51;8.68;43.82
2025-10-07T21:44:18.941Z;15.18;32.68;39.05;23.89;1.07;2.1;5.33
2025-10-08T00:44:18.941Z;10.78;39.71;45.74;0.57;17.85;39.67;23.91
2025-10-08T03:44:18.941Z;20.76;48.78;24.48;7.21;2.2;15.8;44.62
2025-10-08T06:44:18.941Z;20.36;14.23;15.93;36.79;19.36;35.17;44.44
2025-10-08T09:44:18.941Z;16.46;34.89;3.84;11.11;42.9;44.66;2.38
2025-10-08T12:44:18.941Z;13.51;3.9;4.14;28.25;5.29;32.63;6.93
2025-10-08T15:44:18.941Z;19.12;23.79;21.97;12.31;2.52;8.35;15.49
2025-10-08T18:44:18.941Z;14.6;24.43;24.83;22.28;21.14;9.37;20.09
2025-10-08T21:44:18.941Z;12.09;14.81;1.54;48.85;14.3;16.92;25.14
2025-10-09T00:44:18.941Z;19.12;43.94;45.44;33.93;36.65;48.83;20.43
2025-10-09T03:44:18.941Z;20.21;34.81;10.09;19.87;18.65;3.66;48.0
2025-10-09T06:44:18.941Z;21.65;13.16;19.15;43.91;41.98;20.49;32.17
2025-10-09T09:44:18.941Z;24.07;24.74;45.54;41.47;4.53;4.55;47.15
2025-10-09T12:44:18.941Z;16.01;28.0;49.17;43.96;39.63;38.26;6.89
2025-10-09T15:44:18.941Z;17.45;35.58;1.52;26.94;29.61;41.11;3.28
2025-10-09T18:44:18.941Z;17.68;17.32;42.07;17.66;44.64;18.66;8.9
2025-10-09T21:44:18.941Z;21.12;36.55;34.83;25.88;33.15;38.22;24.02
2025-10-10T00:44:18.941Z;19.72;39.29;40.6;49.66;46.16;4.44;47.24
2025-10-10T03:44:18.941Z;16.26;42.69;2.67;16.12;34.54;46.85;24.27
2025-10-10T06:44:18.941Z;16.32;12.75;39.09;27.6;43.11;23.12;32.29
2025-10-10T09:44:18.941Z;22.54;35.78;10.68;12.98;10.48;2.77;32.56
2025-10-10T12:44:18.941Z;10.75;27.89;40.47;47.22;16.89;16.67;42.13
2025-10-10T15:44:18.941Z;15.31;32.93;4.1;24.44;16.41;2.91;1.32
2025-10-10T18:44:18.941Z;10.95;43.59;29.5;8.25;2.23;4.8;1.49
2025-10-10T21:44:18.941Z;18.16;42.81;42.08;35.54;47.21;42.75;36.74
2025-10-11T00:44:18.941Z;12.02;7.56;44.41;44.95;21.23;1.07;36.61
2025-10-11T03:44:18.941Z;17.31;30.97;13.84;37.99;19.4;41.52;10.67
2025-10-11T06:44:18.941Z;12.42;17.96;16.24;19.46;24.9;10.91;44.24
2025-10-11T09:44:18.941Z;12.47;44.42;42.61;24.43;18.96;15.48;40.33
2025-10-11T12:44:18.941Z;11.41;38.91;35.58;14.32;23.68;14.34;9.58
2025-10-11T15:44:18.941Z;21.16;16.86;2.03;0.5;27.81;19.04;22.15
2025-10-11T18:44:18.941Z;19.07;27.19;20.15;19.15;11.75;25.24;47.05
2025-10-11T21:44:18.941Z;14.6;18.04;33.85;21.28;29.42;34.84;27.16
2025-10-12T00:44:18.941Z;23.17;28.94;46.83;12.12;15.58;43.26;21.16
2025-10-12T03:44:18.941Z;19.31;2.25;0.51;16.09;47.32;47.97;13.76
2025-10-12T06:44:18.941Z;11.78;20.0;44.26;31.94;44.5;18.81;3.29
2025-10-12T09:44:18.941Z;10.39;26.66;27.48;28.43;31.74;2.42;27.02
2025-10-12T12:44:18.941Z;24.21;15.87;26.65;2.14;0.64;36.93;8.75
2025-10-12T15:44:18.941Z;22.3;27.23;31.34;14.89;29.77;18.31;22.05
2025-10-12T18:44:18.941Z;10.53;44.29;4.0;41.27;44.55;0.88;5.27
2025-10-12T21:44:18.941Z;16.56;47.86;7.67;47.88;32.52;42.93;2.24
2025-10-13T00:44:18.941Z;23.32;8.46;38.53;42.43;12.04;46.94;34.76
2025-10-13T03:44:18.941Z;22.6;40.22;31.54;19.96;1.0;0.8;5.19
2025-10-13T06:44:18.941Z;13.62;23.93;15.55;39.75;42.93;6.6;29.5
2025-10-13T09:44:18.941Z;17.14;2.17;40.41;8.37;15.99;12.01;20.22
2025-10-13T12:44:18.941Z;22.72;6.47;15.02;34.93;32.14;19.81;45.79
2025-10-13T15:44:18.941Z;14.76;15.11;14.31;40.02;22.83;19.38;47.27
2025-10-13T18:44:18.941Z;18.69;32.66;7.41;7.83;17.0;4.56;16.51
2025-10-13T21:44:18.941Z;13.24;21.27;37.5;20.04;5.29;7.39;20.28
2025-10-14T00:44:18.941Z;23.53;20.32;47.57;21.88;7.09;44.04;38.99
2025-10-14T03:44:18.941Z;19.38;33.1;3.71;39.87;6.21;27.81;17.81
2025-10-14T06:44:18.941Z;21.89;43.99;20.78;42.11;44.28;19.45;35.24
2025-10-14T09:44:18.941Z;12.41;36.27;23.78;42.25;5.98;41.65;20.69
2025-10-14T12:44:18.941Z;13.08;29.74;32.23;46.47;37.2;8.83;21.25
2025-10-14T15:44:18.941Z;10.48;23.76;27.88;34.07;26.06;27.56;3.51
2025-10-14T18:44:18.941Z;13.33;21.78;43.27;24.67;42.8;36.57;7.81
2025-10-14T21:44:18.941Z;22.66;45.01;24.63;35.12;44.67;15.74;18.83
2025-10-15T00:44:18.941Z;17.04;43.69;32.89;43.27;36.11;42.8;23.64
2025-10-15T03:44:18.941Z;16.15;24.8;24.62;36.39;20.67;14.63;21.76
2025-10-15T06:44:18.941Z;14.3;1.74;9.28;10.44;28.85;44.51;21.51
2025-10-15T09:44:18.941Z;23.65;37.62;41.69;31.16;41.09;33.05;3.41
2025-10-15T12:44:18.941Z;20.6;16.48;27.92;30.09;8.15;25.01;7.62
2025-10-15T15:44:18.941Z;10.23;31.35;31.02;24.84;45.56;22.24;26.12
2025-10-15T18:44:18.941Z;14.24;28.77;43.68;32.14;28.67;8.4;40.53
2025-10-15T21:44:18.941Z;23.33;29.39;29.59;32.03;31.38;36.48;13.2
2025-10-16T00:44:18.941Z;15.61;26.56;16.84;26.83;6.49;25.53;3.24
2025-10-16T03:44:18.941Z;20.85;26.71;29.29;3.36;15.22;13.18;29.88
2025-10-16T06:44:18.941Z;13.56;43.83;36.48;2.21;37.46;18.99;27.59
2025-10-16T09:44:18.941Z;22.29;33.37;6.96;44.37;6.31;7.32;1.87
2025-10-16T12:44:18.941Z;16.76;47.96;45.17;7.27;27.84;20.81;16.53
2025-10-16T15:44:18.941Z;10.97;26.63;43.04;24.9;48.3;0.16;14.83
2025-10-16T18:44:18.941Z;19.61;13.29;44.26;10.16;49.39;25.47;6.1
2025-10-16T21:44:18.941Z;18.53;44.79;49.69;45.53;38.4;25.62;30.94
2025-10-17T00:44:18.941Z;19.3;23.02;36.43;15.19;46.37;43.42;3.41
2025-10-17T03:44:18.941Z;14.22;33.16;37.72;2.63;34.45;5.68;10.01
2025-10-17T06:44:18.941Z;17.04;26.55;17.52;43.44;0.04;12.23;8.83
2025-10-17T09:44:18.941Z;19.69;14.82;9.98;46.29;38.08;2.86;41.09
2025-10-17T12:44:18.941Z;19.42;24.54;6.15;44.0;44.43;14.47;21.45
2025-10-17T15:44:18.941Z;23.02;31.01;19.02;29.37;48.97;47.3;47.5
2025-10-17T18:44:18.941Z;18.24;26.84;24.61;46.92;32.22;9.05;12.29
2025-10-17T21:44:18.941Z;18.47;48.49;21.89;6.07;8.79;47.21;34.43
2025-10-18T00:44:18.941Z;14.99;29.2;44.68;10.35;21.07;16.01;20.52
2025-10-18T03:44:18.941Z;24.21;4.48;32.84;7.59;37.23;22.32;37.72
2025-10-18T06:44:18.941Z;11.13;36.63;12.99;3.79;6.28;33.05;2.74
2025-10-18T09:44:18.941Z;19.66;14.67;22.81;11.85;30.68;0.79;11.36
2025-10-18T12:44:18.941Z;17.77;49.95;11.13;10.68;11.54;31.1;42.75
2025-10-18T15:44:18.941Z;22.84;26.32;22.15;31.21;46.2;15.05;35.91
2025-10-18T18:44:18.941Z;16.25;40.22;44.71;17.45;24.78;18.57;19.93
2025-10-18T21:44:18.941Z;22.91;30.5;15.96;45.96;49.83;31.11;20.98
2025-10-19T00:44:18.941Z;16.62;22.47;31.94;41.94;22.15;14.26;34.58
2025-10-19T03:44:18.941Z;13.91;29.17;31.47;22.18;2.12;23.01;41.43
2025-10-19T06:44:18.941Z;16.32;37.79;27.21;8.06;26.77;27.06;44.53
2025-10-19T09:44:18.941Z;11.4;10.21;30.5;33.34;18.23;47.66;12.35
2025-10-19T12:44:18.941Z;14.94;29.46;3.41;5.05;5.85;39.53;8.79
2025-10-19T15:44:18.941Z;11.53;48.11;44.64;47.05;17.85;14.93;41.11
2025-10-19T18:44:18.941Z;16.81;36.69;13.66;1.38;5.76;3.47;19.71
2025-10-19T21:44:18.941Z;10.71;25.81;4.15;0.01;5.56;11.3;49.0
2025-10-20T00:44:18.941Z;13.48;14.48;35.59;1.54;40.17;46.49;45.63
2025-10-20T03:44:18.941Z;19.23;35.36;33.22;27.65;39.68;22.62;44.22
2025-10-20T06:44:18.941Z;12.5;4.62;15.78;48.27;38.95;11.02;26.54
2025-10-20T09:44:18.941Z;18.34;14.34;2.17;29.0;8.49;4.2;3.88
2025-10-20T12:44:18.941Z;12.68;31.3;15.53;29.76;12.2;7.85;31.05
2025-10-20T15:44:18.941Z;20.96;38.3;16.62;20.84;38.53;12.97;49.06
2025-10-20T18:44:18.941Z;24.51;27.29;41.3;22.65;44.36;7.56;25.34
2025-10-20T21:44:18.941Z;24.79;4.92;45.83;39.51;38.84;29.24;36.96
2025-10-21T00:44:18.941Z;23.14;12.41;5.24;17.53;16.34;2.3;31.18
2025-10-21T03:44:18.941Z;11.99;38.76;33.08;19.76;18.7;37.96;31.88
2025-10-21T06:44:18.941Z;15.36;49.98;5.2;3.66;21.88;32.4;14.59
2025-10-21T09:44:18.941Z;23.99;12.04;44.27;33.76;30.85;2.19;2.34
2025-10-21T12:44:18.941Z;14.82;31.4;49.93;31.78;49.19;34.2;38.1
2025-10-21T15:44:18.941Z;10.04;43.6;3.72;46.53;30.64;24.84;23.44
2025-10-21T18:44:18.941Z;15.55;24.95;14.14;2.92;37.14;46.83;23.26
2025-10-21T21:44:18.941Z;24.19;17.53;36.4;40.16;7.78;8.21;37.75
2025-10-22T00:44:18.941Z;15.65;16.89;20.48;20.64;44.38;45.79;27.07
2025-10-22T03:44:18.941Z;20.13;13.63;34.88;18.31;0.34;47.85;35.7
2025-10-22T06:44:18.941Z;23.37;6.53;23.42;37.79;45.86;9.45;15.91
2025-10-22T09:44:18.941Z;20.13;40.61;23.57;45.71;49.0;5.79;29.46
2025-10-22T12:44:18.941Z;17.97;9.86;31.37;43.45;15.55;37.44;40.3
2025-10-22T15:44:18.941Z;10.86;37.18;35.05;24.47;40.43;19.61;9.0
2025-10-22T18:44:18.941Z;10.92;1.04;34.66;23.7;27.07;21.25;2.16
2025-10-22T21:44:18.941Z;14.78;27.07;15.29;11.84;3.18;38.81;2.59
2025-10-23T00:44:18.941Z;11.0;48.79;40.9;40.38;20.94;35.95;38.55
2025-10-23T03:44:18.941Z;20.46;2.84;20.91;10.59;32.75;5.46;49.11
2025-10-23T06:44:18.941Z;20.43;26.23;6.48;34.14;43.29;16.93;41.45
2025-10-23T09:44:18.941Z;20.46;41.76;31.23;18.68;4.46;16.88;28.05
2025-10-23T12:44:18.941Z;17.8;14.59;45.58;40.23;44.32;23.64;27.78
2025-10-23T15:44:18.941Z;11.4;11.42;35.86;11.18;49.81;20.34;9.26
2025-10-23T18:44:18.941Z;15.95;45.88;12.0;16.86;5.44;8.66;2.21
2025-10-23T21:44:18.941Z;22.94;27.72;11.27;11.3;45.59;7.42;40.77
2025-10-24T00:44:18.941Z;24.43;37.89;16.8;13.63;30.54;43.89;14.56
2025-10-24T03:44:18.941Z;20.89;36.88;32.98;26.31;28.98;23.54;17.75
2025-10-24T06:44:18.941Z;21.53;32.52;1.41;44.62;28.88;4.63;16.46
2025-10-24T09:44:18.941Z;10.89;18.81;7.86;13.45;19.67;2.26;3.14
2025-10-24T12:44:18.941Z;22.48;37.34;5.11;32.43;24.43;13.99;39.99
2025-10-24T15:44:18.941Z;21.38;4.42;45.79;8.38;19.61;19.17;33.14
2025-10-24T18:44:18.941Z;15.76;31.0;29.84;43.97;46.89;33.39;39.56
2025-10-24T21:44:18.941Z;12.32;30.42;9.26;15.2;45.92;15.41;29.91
2025-10-25T00:44:18.941Z;10.43;37.74;37.14;19.97;27.64;1.17;3.07
2025-10-25T03:44:18.941Z;19.39;42.07;10.36;2.28;49.26;20.3;24.65
2025-10-25T06:44:18.941Z;10.99;43.18;13.27;5.99;11.03;17.46;30.46
2025-10-25T09:44:18.941Z;12.17;1.52;33.13;45.22;21.14;32.66;26.96
2025-10-25T12:44:18.941Z;20.26;6.23;34.11;3.55;4.14;28.48;39.91
2025-10-25T15:44:18.941Z;14.8;14.08;5.73;41.53;5.01;15.79;16.15
2025-10-25T18:44:18.941Z;10.12;48.02;42.44;20.75;39.92;16.15;39.85
2025-10-25T21:44:18.941Z;12.31;26.86;34.21;32.93;8.47;9.78;42.68
2025-10-26T00:44:18.941Z;15.29;15.47;29.59;28.33;24.14;4.4;25.33
2025-10-26T03:44:18.941Z;13.79;23.18;3.26;43.24;26.51;41.11;49.2
2025-10-26T06:44:18.941Z;19.81;11.71;42.75;38.32;16.24;15.35;19.03
2025-10-26T09:44:18.941Z;14.89;43.27;1.34;10.48;42.55;49.53;7.21
2025-10-26T12:44:18.941Z;21.93;0.53;24.66;11.55;25.99;34.51;49.24
2025-10-26T15:44:18.941Z;19.77;41.98;17.48;13.14;33.09;22.89;23.52
2025-10-26T18:44:18.941Z;21.92;45.88;39.69;44.86;2.7;29.52;23.48
2025-10-26T21:44:18.941Z;15.51;37.91;10.69;3.21;7.11;6.42;17.42
2025-10-27T00:44:18.941Z;19.78;15.43;31.22;38.56;49.46;41.52;25.61
2025-10-27T03:44:18.941Z;17.63;20.42;6.53;27.23;27.48;45.27;15.74
2025-10-27T06:44:18.941Z;19.35;20.96;22.93;17.47;35.37;16.83;27.64
2025-10-27T09:44:18.941Z;11.09;47.1;49.6;29.15;2.17;48.2;41.84
2025-10-27T12:44:18.941Z;18.91;43.1;3.14;31.26;23.83;14.4;11.83
2025-10-27T15:44:18.941Z;14.91;45.55;39.76;13.2;20.38;23.77;37.44
2025-10-27T18:44:18.941Z;22.9;48.59;19.07;34.45;22.66;38.61;2.67
2025-10-27T21:44:18.941Z;15.75;12.28;1.91;47.47;17.53;25.35;14.96
2025-10-28T00:44:18.941Z;16.9;30.47;15.91;37.1;7.8;44.2;40.44
2025-10-28T03:44:18.941Z;17.23;24.07;40.35;47.0;30.76;1.32;20.74
2025-10-28T06:44:18.941Z;20.66;0.17;7.83;22.5;29.71;29.49;42.14
2025-10-28T09:44:18.941Z;21.41;18.97;33.63;1.92;25.33;29.76;12.53
2025-10-28T12:44:18.941Z;11.68;34.53;21.29;46.28;19.97;8.52;39.04
2025-10-28T15:44:18.941Z;17.27;38.79;31.77;41.23;18.01;15.92;27.12
2025-10-28T18:44:18.941Z;20.12;7.08;35.98;36.81;29.82;19.8;49.55
2025-10-28T21:44:18.941Z;21.42;5.0;12.0;14.61;47.3;27.46;4.08
2025-10-29T00:44:18.941Z;19.41;2.9;6.07;11.15;1.84;20.22;11.32
2025-10-29T03:44:18.941Z;13.47;12.19;47.78;4.09;29.46;21.1;2.75
2025-10-29T06:44:18.941Z;14.37;12.68;26.19;11.35;3.49;9.51;42.48
2025-10-29T09:44:18.941Z;16.53;10.36;46.56;16.1;18.84;28.28;29.25
2025-10-29T12:44:18.941Z;18.49;13.76;26.58;0.3;40.74;38.67;12.78
2025-10-29T15:44:18.941Z;21.9;22.42;0.33;32.29;12.0;32.62;36.03
2025-10-29T18:44:18.941Z;13.31;49.93;14.32;30.35;10.41;41.36;24.79
2025-10-29T21:44:18.941Z;20.3;14.98;22.57;22.71;37.12;23.38;1.66
2025-10-30T00:44:18.941Z;17.47;47.85;1.26;36.4;39.93;28.82;3.43
2025-10-30T03:44:18.941Z;18.81;14.34;16.45;42.6;8.99;8.38;21.34
2025-10-30T06:44:18.941Z;16.88;48.54;1.54;35.07;19.02;27.29;15.81
2025-10-30T09:44:18.941Z;24.15;28.81;31.65;3.04;43.01;28.2;14.8
2025-10-30T12:44:18.941Z;12.47;35.71;2.11;9.31;34.88;4.48;15.06
2025-10-30T15:44:18.941Z;17.65;28.48;39.71;24.5;25.01;28.35;12.83
2025-10-30T18:44:18.941Z;14.95;48.11;3.51;4.3;21.46;27.8;41.2
2025-10-30T21:44:18.941Z;23.69;25.85;9.06;34.03;23.13;12.07;16.02
2025-10-31T00:44:18.941Z;11.03;42.57;10.87;42.75;22.87;42.25;12.77
2025-10-31T03:44:18.941Z;20.85;25.5;27.74;28.57;14.49;2.21;21.45
2025-10-31T06:44:18.941Z;24.96;47.31;27.05;32.06;32.47;3.51;36.87
2025-10-31T09:44:18.941Z;13.82;41.47;27.15;26.69;22.84;15.46;18.39
2025-10-31T12:44:18.941Z;13.67;29.53;16.35;20.61;38.89;8.3;9.83
2025-10-31T15:44:18.941Z;23.49;48.92;33.86;29.41;35.42;25.86;49.74
2025-10-31T18:44:18.941Z;14.59;0.42;30.79;41.58;25.75;44.26;22.84
2025-10-31T21:44:18.941Z;19.49;42.94;41.77;44.39;2.81;24.75;44.3
2025-11-01T00:44:18.941Z;18.11;42.63;31.46;33.52;49.1;25.5;4.66
2025-11-01T03:44:18.941Z;19.36;0.73;25.3;32.83;15.26;37.77;40.4
2025-11-01T06:44:18.941Z;17.26;17.4;18.23;44.04;35.19;28.52;44.41
2025-11-01T09:44:18.941Z;19.23;0.1;26.33;32.87;33.54;15.36;10.22
2025-11-01T12:44:18.941Z;19.17;10.79;7.75;48.99;31.93;9.08;41.46
2025-11-01T15:44:18.941Z;10.23;16.59;36.68;1.13;29.18;17.01;24.32
2025-11-01T18:44:18.941Z;22.84;36.46;37.43;11.9;5.9;42.54;8.4
2025-11-01T21:44:18.941Z;21.7;29.79;28.83;35.32;11.58;33.12;2.56
2025-11-02T00:44:18.941Z;14.72;4.01;7.76;5.93;40.54;36.63;49.09
2025-11-02T03:44:18.941Z;13.27;16.88;12.05;23.2;9.77;9.62;0.69
2025-11-02T06:44:18.941Z;23.23;11.63;29.27;33.33;39.93;37.08;36.22
2025-11-02T09:44:18.941Z;14.85;39.12;15.59;40.94;23.52;31.59;13.36
2025-11-02T12:44:18.941Z;23.76;25.78;49.03;11.15;33.56;18.09;21.52
2025-11-02T15:44:18.941Z;22.69;39.69;16.55;44.47;3.89;23.53;13.85
2025-11-02T18:44:18.941Z;13.27;11.84;0.99;11.86;9.49;39.8;7.19
2025-11-02T21:44:18.941Z;20.76;5.6;5.76;10.57;16.42;29.72;37.25
2025-11-03T00:44:18.941Z;13.66;1.51;14.5;32.47;25.87;18.66;35.65
2025-11-03T03:44:18.941Z;11.84;26.95;49.08;35.5;29.53;6.64;17.83
2025-11-03T06:44:18.941Z;16.21;12.71;6.83;30.44;25.03;43.19;38.85
2025-11-03T09:44:18.941Z;16.78;4.11;1.22;8.03;46.18;49.56;7.12
2025-11-03T12:44:18.941Z;18.89;32.16;35.32;23.53;20.37;44.03;18.49
2025-11-03T15:44:18.941Z;19.68;4.98;0.99;43.73;4.89;18.86;45.25
2025-11-03T18:44:18.941Z;24.79;32.37;49.65;34.2;5.87;24.16;0.61
2025-11-03T21:44:18.941Z;17.18;32.53;43.69;6.04;4.07;44.5;31.32
2025-11-04T00:44:18.941Z;18.02;7.05;46.54;41.06;36.7;19.24;4.12
2025-11-04T03:44:18.941Z;22.88;16.49;46.76;5.82;9.33;29.18;4.18
2025-11-04T06:44:18.941Z;23.54;18.65;15.1;43.76;6.16;16.3;40.8
2025-11-04T09:44:18.941Z;22.15;9.92;35.73;2.49;33.74;23.93;24.15
2025-11-04T12:44:18.941Z;22.54;47.12;33.03;17.95;10.57;30.64;49.93
2025-11-04T15:44:18.941Z;21.91;43.04;17.39;15.24;31.51;47.1;24.08
2025-11-04T18:44:18.941Z;21.82;19.96;6.26;3.98;4.94;1.45;29.53
2025-11-04T21:44:18.941Z;17.77;40.69;36.31;13.73;27.61;19.31;2.73
2025-11-05T00:44:18.941Z;13.07;38.12;24.03;19.11;8.57;42.95;19.91
2025-11-05T03:44:18.941Z;22.26;33.59;47.13;3.9;33.95;3.86;44.0
2025-11-05T06:44:18.941Z;23.77;38.73;41.79;32.9;36.39;13.91;17.34
2025-11-05T09:44:18.941Z;17.99;46.18;47.81;29.44;25.76;22.9;42.58
2025-11-05T12:44:18.941Z;23.91;1.12;17.89;13.9;9.88;36.03;32.94
2025-11-05T15:44:18.941Z;14.85;10.78;30.53;24.35;31.1;28.73;7.5
2025-11-05T18:44:18.941Z;22.05;19.38;49.67;47.29;3.47;41.69;23.51
2025-11-05T21:44:18.941Z;16.01;4.21;11.63;35.51;8.04;35.23;22.99
2025-11-06T00:44:18.941Z;21.96;43.23;18.53;22.77;0.75;8.0;40.03
2025-11-06T03:44:18.941Z;23.37;44.04;47.13;33.91;23.31;3.99;9.1
2025-11-06T06:44:18.941Z;10.94;44.18;36.42;25.06;17.51;27.4;7.48
2025-11-06T09:44:18.941Z;18.3;18.79;1.59;29.28;24.0;16.0;10.99
2025-11-06T12:44:18.941Z;11.33;14.36;1.06;24.07;8.22;37.15;26.29
2025-11-06T15:44:18.941Z;20.56;36.91;34.28;8.54;48.65;4.49;39.29
2025-11-06T18:44:18.941Z;16.33;10.63;42.15;37.51;13.56;39.0;31.76
2025-11-06T21:44:18.941Z;16.11;7.45;27.76;36.28;16.87;37.33;49.43
2025-11-07T00:44:18.941Z;21.3;15.58;20.49;33.02;31.57;15.33;7.81
2025-11-07T03:44:18.941Z;18.56;44.91;28.76;39.24;28.31;19.89;9.3
2025-11-07T06:44:18.941Z;21.38;12.93;42.63;23.06;21.54;32.67;12.71
2025-11-07T09:44:18.941Z;24.79;12.79;15.44;16.15;39.88;32.88;28.17
2025-11-07T12:44:18.941Z;11.61;42.78;47.08;40.59;34.39;41.07;19.51
2025-11-07T15:44:18.941Z;22.87;18.52;14.54;39.71;19.94;23.04;18.78
2025-11-07T18:44:18.941Z;18.29;47.61;8.47;46.42;1.58;3.24;48.74
2025-11-07T21:44:18.941Z;13.24;2.61;26.97;10.3;6.22;31.48;17.37
2025-11-08T00:44:18.941Z;13.8;12.06;28.07;22.47;32.53;31.63;42.11
2025-11-08T03:44:18.941Z;17.59;27.83;15.07;2.22;19.83;7.93;15.03
2025-11-08T06:44:18.941Z;14.76;30.48;39.91;30.03;5.11;0.19;45.34
2025-11-08T09:44:18.941Z;19.46;23.23;22.92;32.76;49.11;4.87;23.91
2025-11-08T12:44:18.941Z;22.26;42.3;43.01;14.4;4.4;10.88;49.05
2025-11-08T15:44:18.941Z;18.96;27.76;48.67;22.36;22.17;37.6;17.98
2025-11-08T18:44:18.941Z;14.68;44.29;32.33;3.46;22.0;12.13;47.4
2025-11-08T21:44:18.941Z;14.03;22.79;38.95;10.59;23.77;46.46;35.93
2025-11-09T00:44:18.941Z;24.71;46.58;0.1;47.66;36.49;0.83;24.27
2025-11-09T03:44:18.941Z;13.27;13.96;2.86;30.49;41.7;14.07;36.44
2025-11-09T06:44:18.941Z;24.34;35.13;11.26;26.19;9.52;3.83;40.92
2025-11-09T09:44:18.941Z;12.8;48.56;30.94;25.14;4.45;47.04;39.75
2025-11-09T12:44:18.941Z;12.58;10.64;37.65;31.16;36.63;42.31;30.02
2025-11-09T15:44:18.941Z;16.61;6.55;3.24;36.59;28.43;30.96;39.91
2025-11-09T18:44:18.941Z;20.05;36.98;28.52;39.95;40.77;48.57;37.76
2025-11-09T21:44:18.941Z;20.78;18.44;11.82;40.38;0.31;0.27;26.94
2025-11-10T00:44:18.941Z;18.59;0.74;31.19;11.75;21.89;13.18;15.53
2025-11-10T03:44:18.941Z;19.21;30.82;46.67;22.77;3.36;40.88;44.79
2025-11-10T06:44:18.941Z;21.67;26.14;3.91;30.56;26.03;28.8;16.45
2025-11-10T09:44:18.941Z;15.48;7.96;6.46;32.6;40.87;43.56;46.98
2025-11-10T12:44:18.941Z;18.91;22.15;43.97;21.86;37.61;6.64;25.36
2025-11-10T15:44:18.941Z;17.59;11.31;8.04;0.89;31.01;5.5;41.7
2025-11-10T18:44:18.941Z;13.62;45.94;25.85;44.3;15.78;42.02;5.43
2025-11-10T21:44:18.941Z;24.75;29.24;45.97;14.46;15.91;37.01;46.59
2025-11-11T00:44:18.941Z;10.64;42.8;29.43;19.73;45.03;13.72;28.13
2025-11-11T03:44:18.941Z;22.56;4.33;41.2;49.19;17.35;25.07;41.25
2025-11-11T06:44:18.941Z;17.32;18.71;16.57;44.61;3.04;33.8;39.39
2025-11-11T09:44:18.941Z;21.93;4.32;37.68;42.97;17.23;24.03;1.87
2025-11-11T12:44:18.941Z;13.71;35.75;47.97;30.41;39.18;18.6;1.11
2025-11-11T15:44:18.941Z;18.01;38.55;7.28;46.72;6.74;3.03;40.01
2025-11-11T18:44:18.941Z;12.15;28.6;44.53;43.16;33.7;5.51;11.51
2025-11-11T21:44:18.941Z;21.63;8.57;11.77;21.97;0.6;25.63;11.1
2025-11-12T00:44:18.941Z;15.99;34.36;13.93;5.57;23.27;11.66;2.03
2025-11-12T03:44:18.941Z;11.03;16.06;32.1;30.03;23.9;43.69;23.59
2025-11-12T06:44:18.941Z;23.78;49.24;10.33;43.97;5.23;20.0;45.37
2025-11-12T09:44:18.941Z;17.63;33.37;22.41;16.91;30.12;23.85;19.27
2025-11-12T12:44:18.941Z;24.23;32.68;3.7;47.99;5.65;3.42;34.88
2025-11-12T15:44:18.941Z;23.27;16.03;7.04;19.39;10.5;29.91;35.78
2025-11-12T18:44:18.941Z;23.06;0.54;7.47;19.64;7.06;33.3;34.69
2025-11-12T21:44:18.941Z;20.5;33.7;40.42;39.03;35.71;27.64;40.44
2025-11-13T00:44:18.941Z;24.25;7.11;42.27;21.22;15.17;32.01;19.78
2025-11-13T03:44:18.941Z;12.79;9.21;41.49;11.76;32.89;37.1;10.15
2025-11-13T06:44:18.941Z;18.51;35.78;28.08;17.51;31.62;25.76;3.19
2025-11-13T09:44:18.941Z;21.08;32.27;18.48;2.14;12.18;26.37;28.79
2025-11-13T12:44:18.941Z;24.0;8.53;6.68;3.23;24.73;2.79;24.34
2025-11-13T15:44:18.941Z;14.48;17.27;27.74;14.91;4.49;48.44;43.02
2025-11-13T18:44:18.941Z;21.09;39.95;30.03;16.76;28.12;18.27;6.21
2025-11-13T21:44:18.941Z;11.06;32.92;38.73;29.19;13.12;33.26;37.95
2025-11-14T00:44:18.941Z;16.41;22.87;21.86;30.89;2.55;19.22;7.16
2025-11-14T03:44:18.941Z;18.28;34.87;48.05;41.08;37.21;0.3;36.23
2025-11-14T06:44:18.941Z;15.31;30.95;41.16;6.38;27.2;2.43;3.97
2025-11-14T09:44:18.941Z;13.04;1.51;13.31;46.19;24.46;44.78;47.01
2025-11-14T12:44:18.941Z;10.58;35.03;31.84;26.32;24.47;49.74;37.65
2025-11-14T15:44:18.941Z;17.85;32.34;37.13;43.85;43.47;9.22;43.31
2025-11-14T18:44:18.941Z;16.06;3.7;36.56;39.76;25.35;13.75;47.43
2025-11-14T21:44:18.941Z;12.88;28.37;0.11;32.27;43.87;3.27;29.69
2025-11-15T00:44:18.941Z;14.39;11.68;16.82;0.98;19.66;1.71;44.21
2025-11-15T03:44:18.941Z;20.85;29.24;27.01;5.0;1.04;31.49;9.65
2025-11-15T06:44:18.941Z;20.84;46.53;4.98;7.12;20.97;23.98;15.59
2025-11-15T09:44:18.941Z;11.83;19.08;37.41;10.06;10.01;21.01;13.33
2025-11-15T12:44:18.941Z;14.29;22.42;36.87;10.0;49.3;37.82;15.12
2025-11-15T15:44:18.941Z;21.34;33.95;29.42;6.64;38.08;25.35;34.47
2025-11-15T18:44:18.941Z;24.98;14.95;16.0;2.8;46.01;44.66;30.29
2025-11-15T21:44:18.941Z;13.13;40.7;23.71;18.81;43.48;42.94;38.35
2025-11-16T00:44:18.941Z;13.89;27.44;20.46;33.01;22.84;18.67;27.44
2025-11-16T03:44:18.941Z;24.95;41.31;13.7;10.39;36.22;0.96;3.86
2025-11-16T06:44:18.941Z;18.89;45.1;36.93;5.88;14.95;5.23;42.55
2025-11-16T09:44:18.941Z;21.4;1.47;10.39;1.91;1.72;2.87;49.91
2025-11-16T12:44:18.941Z;18.58;17.07;23.09;24.23;19.65;46.5;25.19
2025-11-16T15:44:18.941Z;16.79;48.97;2.79;23.78;37.25;7.96;27.32
2025-11-16T18:44:18.941Z;16.29;45.46;8.21;4.92;11.61;35.26;33.48
2025-11-16T21:44:18.941Z;24.84;21.26;13.17;6.06;45.29;9.31;3.18
2025-11-17T00:44:18.941Z;10.07;4.02;7.14;4.18;39.01;45.72;5.17
2025-11-17T03:44:18.941Z;22.79;36.59;38.07;34.53;2.31;43.56;22.15
2025-11-17T06:44:18.941Z;11.23;21.61;38.19;17.59;39.37;13.77;32.12
2025-11-17T09:44:18.941Z;22.08;45.39;46.16;31.56;18.08;15.33;4.48
2025-11-17T12:44:18.941Z;22.61;29.46;31.24;10.46;17.37;47.05;12.78
2025-11-17T15:44:18.941Z;16.59;36.43;34.3;14.5;29.27;34.32;16.73
2025-11-17T18:44:18.941Z;19.55;21.52;45.77;39.73;18.06;46.91;19.45
2025-11-17T21:44:18.941Z;20.01;4.45;23.13;30.47;20.47;2.74;48.11
2025-11-18T00:44:18.941Z;19.43;48.65;42.04;31.81;0.84;25.91;20.36
2025-11-18T03:44:18.941Z;17.53;25.59;3.6;25.95;48.04;25.23;3.07
2025-11-18T06:44:18.941Z;17.1;45.07;0.8;19.04;20.22;1.99;4.94
2025-11-18T09:44:18.941Z;12.39;9.66;45.17;38.82;37.58;42.15;41.1
2025-11-18T12:44:18.941Z;15.3;15.39;40.25;8.52;31.85;29.74;23.18
2025-11-18T15:44:18.941Z;10.88;20.28;44.16;13.9;24.97;36.38;18.63
2025-11-18T18:44:18.941Z;19.12;41.49;38.98;1.9;8.68;6.54;2.11
2025-11-18T21:44:18.941Z;12.65;29.91;47.54;32.96;12.43;39.12;24.82
2025-11-19T00:44:18.941Z;15.25;6.88;1.17;25.39;12.81;27.46;6.52
2025-11-19T03:44:18.941Z;22.37;11.89;48.95;29.8;10.17;3.99;49.19
2025-11-19T06:44:18.941Z;15.26;35.62;40.25;6.35;45.23;43.44;17.79
2025-11-19T09:44:18.941Z;16.07;13.59;3.2;46.31;43.63;2.32;34.45
2025-11-19T12:44:18.941Z;10.19;24.01;4.33;47.69;37.99;46.73;11.96
2025-11-19T15:44:18.941Z;19.77;38.14;12.31;24.33;9.85;33.04;0.23
2025-11-19T18:44:18.941Z;18.42;21.72;32.93;40.48;3.64;36.94;37.68
2025-11-19T21:44:18.941Z;17.88;13.88;1.36;12.91;24.24;34.0;45.35
2025-11-20T00:44:18.941Z;13.24;41.05;9.04;37.37;4.87;7.28;20.33
2025-11-20T03:44:18.941Z;24.24;8.28;18.27;3.23;0.86;47.51;8.28
2025-11-20T06:44:18.941Z;16.5;36.32;36.33;7.88;21.48;6.85;27.66
2025-11-20T09:44:18.941Z;18.03;41.34;46.22;6.18;12.57;16.62;22.18
2025-11-20T12:44:18.941Z;16.54;44.8;40.14;17.84;0.35;34.18;31.4
2025-11-20T15:44:18.941Z;22.86;7.17;20.28;3.57;30.62;19.89;8.96
2025-11-20T18:44:18.941Z;20.04;23.66;36.83;17.25;0.07;5.14;36.86
2025-11-20T21:44:18.941Z;21.79;16.16;33.28;0.64;19.03;30.51;41.65
2025-11-21T00:44:18.941Z;15.27;6.78;19.58;29.66;26.99;35.73;21.77
2025-11-21T03:44:18.941Z;13.26;25.13;3.35;34.34;18.85;1.61;40.63
2025-11-21T06:44:18.941Z;22.74;19.33;43.79;27.36;26.38;33.69;20.4
2025-11-21T09:44:18.941Z;15.12;32.45;36.93;27.54;28.9;43.4;24.69
2025-11-21T12:44:18.941Z;12.24;8.23;25.45;11.71;27.05;42.25;29.32
2025-11-21T15:44:18.941Z;20.64;0.98;25.66;39.43;1.64;9.08;3.3
2025-11-21T18:44:18.941Z;11.51;17.1;42.61;20.24;18.91;29.21;25.46
2025-11-21T21:44:18.941Z;23.13;10.1;21.39;28.86;3.62;5.08;35.59
2025-11-22T00:44:18.941Z;19.18;17.13;17.69;10.66;15.23;34.37;39.55
2025-11-22T03:44:18.941Z;14.32;12.47;36.3;10.81;44.38;30.87;8.01
2025-11-22T06:44:18.941Z;19.64;3.82;35.02;1.52;10.18;4.69;26.69
2025-11-22T09:44:18.941Z;23.14;16.51;49.95;48.56;46.59;4.99;24.36
2025-11-22T12:44:18.941Z;12.0;44.21;1.03;49.28;49.31;11.56;9.61
2025-11-22T15:44:18.941Z;24.12;5.7;9.5;33.21;21.22;3.29;44.04
2025-11-22T18:44:18.941Z;13.43;45.17;17.02;30.67;18.02;39.95;31.67
2025-11-22T21:44:18.941Z;15.12;28.85;44.43;19.75;15.15;27.44;49.1
2025-11-23T00:44:18.941Z;23.78;6.53;10.27;41.65;29.11;14.12;6.1
2025-11-23T03:44:18.941Z;18.89;32.56;25.95;22.2;45.62;26.23;8.14
2025-11-23T06:44:18.941Z;22.64;0.81;33.7;33.47;46.13;43.88;9.07
2025-11-23T09:44:18.941Z;16.3;40.47;39.53;23.54;0.48;28.19;44.97
2025-11-23T12:44:18.941Z;21.11;15.01;7.1;36.88;7.79;19.37;11.64
2025-11-23T15:44:18.941Z;10.08;41.28;32.52;18.76;2.43;37.02;42.93
2025-11-23T18:44:18.941Z;12.88;46.44;39.22;40.37;1.24;20.2;32.73
2025-11-23T21:44:18.941Z;19.18;1.55;8.65;30.59;32.14;36.4;33.98
2025-11-24T00:44:18.941Z;20.89;16.37;17.41;48.61;17.27;31.48;25.28
2025-11-24T03:44:18.941Z;23.39;9.25;21.73;17.17;13.69;31.47;16.82
2025-11-24T06:44:18.941Z;24.51;43.77;48.07;0.74;37.46;40.84;39.63
2025-11-24T09:44:18.941Z;15.67;13.93;6.09;27.5;34.34;14.01;20.85
2025-11-24T12:44:18.941Z;12.3;9.35;33.82;32.82;4.32;16.99;24.28
2025-11-24T15:44:18.941Z;18.94;36.09;32.0;14.25;26.99;33.6;14.14
2025-11-24T18:44:18.941Z;12.13;33.12;45.92;26.96;31.77;40.4;35.02
2025-11-24T21:44:18.941Z;20.54;1.46;12.15;46.74;36.58;0.29;33.05
2025-11-25T00:44:18.941Z;20.69;27.84;13.47;14.33;21.49;47.97;17.92
2025-11-25T03:44:18.941Z;21.62;37.85;26.15;20.49;2.95;8.99;41.01
2025-11-25T06:44:18.941Z;20.8;6.18;18.03;5.65;0.21;29.77;20.82
2025-11-25T09:44:18.941Z;15.1;36.84;5.27;3.68;19.06;4.19;33.05
2025-11-25T12:44:18.941Z;23.66;34.3;48.31;46.08;17.63;8.24;43.79
2025-11-25T15:44:18.941Z;17.36;48.93;18.91;45.57;14.56;43.34;16.91
2025-11-25T18:44:18.941Z;14.25;36.61;35.88;33.17;46.78;7.96;42.15
2025-11-25T21:44:18.941Z;20.08;31.33;27.68;0.34;12.51;27.35;11.83
2025-11-26T00:44:18.941Z;23.34;33.09;10.67;41.49;2.83;25.43;6.16
2025-11-26T03:44:18.941Z;13.04;35.32;46.8;22.84;27.23;27.32;1.35
2025-11-26T06:44:18.941Z;12.31;11.65;49.44;34.11;45.41;18.04;16.03
2025-11-26T09:44:18.941Z;24.17;42.4;24.52;31.52;19.84;40.73;36.05
2025-11-26T12:44:18.941Z;15.67;9.5;11.19;26.95;17.05;39.63;0.12
2025-11-26T15:44:18.941Z;13.16;28.62;28.1;38.43;38.86;15.53;23.88
2025-11-26T18:44:18.941Z;24.64;9.65;7.07;19.89;5.92;19.0;37.37
2025-11-26T21:44:18.941Z;24.28;18.66;15.43;5.79;0.11;7.27;49.65
2025-11-27T00:44:18.941Z;11.64;8.57;43.27;18.48;10.06;36.16;48.81
2025-11-27T03:44:18.941Z;23.71;14.22;15.34;43.12;46.24;41.1;33.56
2025-11-27T06:44:18.941Z;22.29;18.13;7.89;48.26;25.75;0.95;33.4
2025-11-27T09:44:18.941Z;18.78;34.84;30.22;17.77;47.23;16.55;18.61
2025-11-27T12:44:18.941Z;16.75;47.64;18.11;49.42;27.68;15.61;3.01
2025-11-27T15:44:18.941Z;21.13;1.94;20.23;14.87;47.78;35.91;6.97
2025-11-27T18:44:18.941Z;14.97;31.17;5.02;21.44;18.2;50.0;25.83
2025-11-27T21:44:18.941Z;12.82;38.93;34.9;6.23;26.8;31.59;35.03
2025-11-28T00:44:18.941Z;11.32;1.27;47.19;36.13;18.75;15.62;49.96
2025-11-28T03:44:18.941Z;16.63;14.83;29.59;33.79;30.33;19.11;2.92
2025-11-28T06:44:18.941Z;17.31;17.85;20.02;24.65;47.48;48.17;25.41
2025-11-28T09:44:18.941Z;17.54;49.85;8.85;36.06;46.59;33.7;10.64
2025-11-28T12:44:18.941Z;10.79;17.84;47.85;23.93;24.13;48.09;25.04
2025-11-28T15:44:18.941Z;12.41;47.11;10.98;15.5;4.46;11.59;18.78
2025-11-28T18:44:18.941Z;19.56;11.69;40.99;9.89;30.08;4.17;46.2
2025-11-28T21:44:18.941Z;17.73;37.09;11.33;16.47;11.04;48.39;7.11
2025-11-29T00:44:18.941Z;14.16;5.24;35.02;42.22;30.12;3.73;3.39
2025-11-29T03:44:18.941Z;21.46;46.78;0.32;47.91;10.65;39.03;20.85
2025-11-29T06:44:18.941Z;18.81;22.26;19.16;36.14;34.43;4.21;10.69
2025-11-29T09:44:18.941Z;18.39;18.01;28.99;43.69;24.33;25.89;0.24
2025-11-29T12:44:18.941Z;22.35;2.55;32.81;36.4;10.31;37.57;4.33
2025-11-29T15:44:18.941Z;20.18;4.79;22.65;40.58;27.27;13.62;45.29
2025-11-29T18:44:18.941Z;20.5;24.53;29.88;49.45;29.26;33.15;16.68
2025-11-29T21:44:18.941Z;12.86;41.11;21.26;7.49;23.07;22.17;38.06
2025-11-30T00:44:18.941Z;13.04;36.72;23.25;7.45;41.19;20.11;37.72
2025-11-30T03:44:18.941Z;20.61;8.63;36.05;36.1;20.49;2.83;48.13
2025-11-30T06:44:18.941Z;12.4;49.27;4.57;47.3;14.79;46.94;38.51
2025-11-30T09:44:18.941Z;21.49;19.25;41.18;28.42;27.69;10.59;6.53
2025-11-30T12:44:18.941Z;15.69;1.28;49.88;7.33;10.9;40.79;19.58
2025-11-30T15:44:18.941Z;13.6;35.58;8.22;17.32;19.98;34.26;0.06
2025-11-30T18:44:18.941Z;15.28;21.48;38.97;11.2;19.45;47.59;13.76
2025-11-30T21:44:18.941Z;15.78;17.27;14.68;19.44;5.08;36.08;43.2
2025-12-01T00:44:18.941Z;21.66;19.43;18.98;9.69;34.26;19.7;44.21
2025-12-01T03:44:18.941Z;14.23;10.05;40.85;6.23;39.21;24.38;39.42
2025-12-01T06:44:18.941Z;23.18;4.42;12.85;5.77;32.4;12.75;27.16
2025-12-01T09:44:18.941Z;20.57;3.28;23.9;39.39;31.48;40.27;0.4
2025-12-01T12:44:18.941Z;23.14;11.0;32.06;33.46;2.7;9.55;16.76
2025-12-01T15:44:18.941Z;12.32;37.5;7.12;40.41;36.96;13.24;5.95
2025-12-01T18:44:18.941Z;24.46;3.47;10.79;23.33;29.9;12.15;39.69
2025-12-01T21:44:18.941Z;12.24;46.64;6.42;43.67;36.78;10.03;36.03
2025-12-02T00:44:18.941Z;18.43;26.59;41.31;8.89;15.87;35.43;38.03
2025-12-02T03:44:18.941Z;21.49;29.09;43.25;14.68;26.46;21.29;31.6
2025-12-02T06:44:18.941Z;20.07;14.61;14.33;16.44;37.47;44.89;1.89
2025-12-02T09:44:18.941Z;23.02;29.42;16.9;27.95;21.65;38.12;20.86
2025-12-02T12:44:18.941Z;10.85;35.06;36.86;2.08;22.66;9.06;12.01
2025-12-02T15:44:18.941Z;21.71;47.01;46.92;49.32;7.56;15.27;29.87
2025-12-02T18:44:18.941Z;16.9;25.35;44.13;37.49;6.89;45.66;2.28
2025-12-02T21:44:18.941Z;16.74;29.37;7.04;14.2;33.2;6.64;47.75
2025-12-03T00:44:18.941Z;13.85;3.21;8.69;11.84;5.28;30.36;4.62
2025-12-03T03:44:18.941Z;13.71;20.88;2.57;32.53;2.56;38.4;1.98
2025-12-03T06:44:18.941Z;10.6;33.79;46.3;33.57;47.95;11.29;36.73
2025-12-03T09:44:18.941Z;23.02;40.84;18.48;36.73;14.63;25.37;47.52
2025-12-03T12:44:18.941Z;11.81;15.78;49.67;43.19;24.06;47.14;18.46
2025-12-03T15:44:18.941Z;20.32;10.53;26.13;27.4;35.43;38.63;15.65
2025-12-03T18:44:18.941Z;24.89;7.06;37.93;44.3;28.73;18.53;29.23
2025-12-03T21:44:18.941Z;23.01;32.71;37.49;47.78;39.0;37.5;46.6
2025-12-04T00:44:18.941Z;17.46;28.51;15.18;39.7;46.45;41.75;14.48
2025-12-04T03:44:18.941Z;18.83;39.13;10.74;34.17;32.64;28.78;3.77
2025-12-04T06:44:18.941Z;24.56;25.75;38.04;28.23;43.9;35.44;5.11
2025-12-04T09:44:18.941Z;12.06;23.09;1.67;27.89;43.02;24.61;27.71
2025-12-04T12:44:18.941Z;11.81;20.13;35.48;14.44;12.75;28.12;24.37
2025-12-04T15:44:18.941Z;15.37;27.23;10.16;5.16;4.91;28.74;26.59
2025-12-04T18:44:18.941Z;23.94;17.65;23.71;36.16;35.01;2.06;49.63
2025-12-04T21:44:18.941Z;19.41;33.26;22.57;5.1;33.11;45.76;16.06
2025-12-05T00:44:18.941Z;17.73;48.22;23.51;17.16;45.17;25.54;12.8
2025-12-05T03:44:18.941Z;23.02;21.71;18.7;45.61;7.15;25.56;45.85
2025-12-05T06:44:18.941Z;10.33;31.21;12.38;9.61;21.99;28.78;14.24
2025-12-05T09:44:18.941Z;16.02;1.26;27.5;17.04;38.2;36.5;37.16
2025-12-05T12:44:18.941Z;13.78;49.72;39.52;15.1;28.65;37.06;4.16
2025-12-05T15:44:18.941Z;23.09;8.09;8.28;3.13;18.46;45.41;1.99
2025-12-05T18:44:18.941Z;18.6;25.8;7.52;13.42;1.52;22.71;28.05
2025-12-05T21:44:18.941Z;17.28;3.41;38.72;25.48;25.78;19.77;25.51
2025-12-06T00:44:18.941Z;20.65;24.88;32.45;2.38;31.21;29.38;8.81
2025-12-06T03:44:18.941Z;23.9;41.88;12.52;41.83;13.83;35.59;9.41
2025-12-06T06:44:18.941Z;22.97;26.01;16.1;20.37;31.21;49.42;47.88
2025-12-06T09:44:18.941Z;17.59;10.23;39.67;0.17;21.75;9.61;40.11
2025-12-06T12:44:18.941Z;12.7;9.46;19.84;18.89;15.41;12.56;28.48
2025-12-06T15:44:18.941Z;13.91;17.67;35.17;17.4;4.88;32.48;5.11
2025-12-06T18:44:18.941Z;16.42;21.32;21.0;6.64;6.05;45.67;38.69
2025-12-06T21:44:18.941Z;13.25;1.03;8.08;36.79;29.71;41.87;25.59
2025-12-07T00:44:18.941Z;19.28;43.04;43.65;43.23;35.85;10.47;45.9
2025-12-07T03:44:18.941Z;24.62;7.46;14.12;9.87;25.34;19.89;8.7
2025-12-07T06:44:18.941Z;22.39;2.93;20.88;5.86;32.58;40.76;22.14
2025-12-07T09:44:18.941Z;15.06;24.11;36.28;30.51;23.61;48.25;36.78
2025-12-07T12:44:18.941Z;13.54;5.78;7.27;24.69;36.68;15.42;20.87
2025-12-07T15:44:18.941Z;24.72;9.08;27.21;45.78;44.78;7.7;1.29
2025-12-07T18:44:18.941Z;19.18;45.8;24.98;30.62;38.36;20.17;17.88
2025-12-07T21:44:18.941Z;13.02;26.62;21.35;18.14;49.5;6.65;31.9
2025-12-08T00:44:18.941Z;17.61;14.51;18.68;38.62;41.4;37.09;9.45
2025-12-08T03:44:18.941Z;16.42;16.38;16.28;6.36;21.9;43.7;5.77
2025-12-08T06:44:18.941Z;23.3;9.44;34.77;31.29;24.68;17.41;6.29
2025-12-08T09:44:18.941Z;17.04;25.24;28.28;28.26;45.85;5.66;49.27
2025-12-08T12:44:18.941Z;18.6;30.15;8.12;26.83;7.6;22.22;44.4
2025-12-08T15:44:18.941Z;16.65;24.57;20.54;29.93;11.45;37.76;41.67
2025-12-08T18:44:18.941Z;12.08;46.35;48.33;18.98;37.68;24.04;27.78
2025-12-08T21:44:18.941Z;18.92;8.29;12.75;2.55;28.93;34.66;17.43
2025-12-09T00:44:18.941Z;19.32;24.58;11.64;0.11;8.92;32.22;35.76
2025-12-09T03:44:18.941Z;12.67;0.41;15.67;7.92;31.74;20.04;8.39
2025-12-09T06:44:18.941Z;21.09;27.76;13.76;29.17;27.79;23.17;36.45
2025-12-09T09:44:18.941Z;11.27;42.39;27.46;34.43;20.99;37.9;7.41
2025-12-09T12:44:18.941Z;13.62;15.61;0.62;21.26;4.9;6.27;40.09
2025-12-09T15:44:18.941Z;10.99;10.35;0.92;32.94;22.22;48.65;12.54
2025-12-09T18:44:18.941Z;14.36;36.91;10.25;25.68;12.4;18.63;35.85
2025-12-09T21:44:18.941Z;23.97;35.52;43.4;33.96;32.84;34.56;46.97
2025-12-10T00:44:18.941Z;18.35;9.03;11.22;16.17;46.14;23.92;35.44
2025-12-10T03:44:18.941Z;24.28;42.91;13.16;33.94;15.47;19.86;24.14
2025-12-10T06:44:18.941Z;15.51;43.99;40.24;19.49;27.62;6.0;18.57
2025-12-10T09:44:18.941Z;21.21;36.77;46.92;44.34;45.67;41.95;34.67
2025-12-10T12:44:18.941Z;13.92;6.35;13.32;19.42;42.4;2.08;31.85
2025-12-10T15:44:18.941Z;10.43;5.17;44.36;49.75;38.91;42.34;39.62
2025-12-10T18:44:18.941Z;11.94;15.01;1.32;28.96;40.33;10.17;47.42
2025-12-10T21:44:18.941Z;23.92;27.67;21.63;33.36;47.66;37.14;34.53
2025-12-11T00:44:18.941Z;24.91;44.75;45.66;37.78;49.79;41.63;3.09
2025-12-11T03:44:18.941Z;20.23;4.6;41.91;20.85;18.08;12.34;25.16
2025-12-11T06:44:18.941Z;23.67;35.19;2.29;21.02;42.47;31.8;43.5
2025-12-11T09:44:18.941Z;22.38;1.95;19.28;28.74;48.1;45.33;44.34
2025-12-11T12:44:18.941Z;11.8;37.76;24.72;8.15;41.33;14.02;29.23
2025-12-11T15:44:18.941Z;23.14;23.77;10.01;11.83;45.63;1.03;48.18
2025-12-11T18:44:18.941Z;24.27;44.06;38.07;32.08;25.31;6.91;29.92
2025-12-11T21:44:18.941Z;20.09;47.09;28.73;17.08;4.82;3.3;41.66
2025-12-12T00:44:18.941Z;19.09;45.39;34.53;38.77;42.35;11.26;48.66
2025-12-12T03:44:18.941Z;24.77;6.07;5.55;47.2;48.4;12.97;40.73
2025-12-12T06:44:18.941Z;16.83;39.73;46.08;10.06;35.77;8.43;33.74
2025-12-12T09:44:18.941Z;14.0;13.97;29.51;48.06;6.7;0.61;16.79
2025-12-12T12:44:18.941Z;11.51;34.33;47.73;42.44;38.58;45.52;38.55
2025-12-12T15:44:18.941Z;14.13;23.49;12.61;42.17;2.98;28.89;6.89
2025-12-12T18:44:18.941Z;23.92;16.97;40.66;5.17;3.8;46.46;42.84
2025-12-12T21:44:18.941Z;16.66;34.15;37.24;32.58;1.66;41.6;13.35
2025-12-13T00:44:18.941Z;18.1;19.06;44.19;13.27;22.66;15.58;25.79
2025-12-13T03:44:18.941Z;16.36;31.21;0.09;5.94;40.99;34.63;17.2
2025-12-13T06:44:18.941Z;19.94;1.19;13.8;10.11;32.81;29.83;7.42
2025-12-13T09:44:18.941Z;22.78;33.71;25.02;48.48;23.39;28.9;23.32
2025-12-13T12:44:18.941Z;20.69;18.83;38.39;38.37;9.77;4.43;41.32
2025-12-13T15:44:18.941Z;21.6;20.2;0.71;22.83;15.61;5.83;27.85
2025-12-13T18:44:18.941Z;13.77;16.1;19.5;17.42;37.88;1.91;29.34
2025-12-13T21:44:18.941Z;21.89;40.82;19.91;29.81;13.5;49.65;32.38
2025-12-14T00:44:18.941Z;17.56;25.71;2.62;3.12;45.39;11.7;35.83
2025-12-14T03:44:18.941Z;14.82;34.67;33.75;44.3;49.12;31.83;43.39
2025-12-14T06:44:18.941Z;23.28;11.9;44.1;13.98;35.61;29.34;22.66
2025-12-14T09:44:18.941Z;24.71;13.62;32.1;26.72;31.93;44.02;18.02
2025-12-14T12:44:18.941Z;23.74;6.25;2.92;37.02;21.72;19.98;47.29
2025-12-14T15:44:18.941Z;15.15;18.86;7.3;8.38;1.14;9.22;41.95
2025-12-14T18:44:18.941Z;12.83;8.05;41.34;41.65;43.79;43.3;29.82
2025-12-14T21:44:18.941Z;24.13;33.4;10.63;36.47;37.91;16.74;24.15
2025-12-15T00:44:18.941Z;19.59;35.14;28.85;48.58;39.04;38.47;39.48
2025-12-15T03:44:18.941Z;14.39;21.79;16.9;14.98;41.13;38.31;23.4
2025-12-15T06:44:18.941Z;11.91;37.9;4.44;38.34;14.82;37.08;32.19
2025-12-15T09:44:18.941Z;20.16;1.74;25.62;33.64;32.76;18.13;31.95
2025-12-15T12:44:18.941Z;19.02;7.2;1.9;2.65;3.01;30.34;27.29
2025-12-15T15:44:18.941Z;20.19;47.7;17.9;5.53;25.72;18.66;2.59
2025-12-15T18:44:18.941Z;13.35;46.82;14.58;44.89;36.31;12.78;39.49
2025-12-15T21:44:18.941Z;17.28;29.78;45.04;28.43;42.47;33.5;42.23
2025-12-16T00:44:18.941Z;24.67;8.06;33.14;0.96;46.67;32.13;22.73
2025-12-16T03:44:18.941Z;21.86;47.59;17.17;32.46;26.99;15.88;47.03
2025-12-16T06:44:18.941Z;10.68;47.07;9.61;49.17;11.29;29.8;34.57
2025-12-16T09:44:18.941Z;17.98;0.14;3.13;33.1;4.68;24.59;38.75
2025-12-16T12:44:18.941Z;19.72;12.32;47.04;21.5;0.43;0.23;17.62
2025-12-16T15:44:18.941Z;18.1;2.79;37.77;6.36;0.79;3.92;11.08
2025-12-16T18:44:18.941Z;14.32;15.96;29.36;44.12;26.0;43.76;15.47
2025-12-16T21:44:18.941Z;13.58;30.01;46.49;16.88;41.48;32.04;34.09
2025-12-17T00:44:18.941Z;10.11;7.95;23.39;4.75;16.47;37.37;24.04
2025-12-17T03:44:18.941Z;16.79;4.05;5.85;45.44;13.84;33.63;1.35
2025-12-17T06:44:18.941Z;24.6;48.35;14.59;31.05;6.14;21.2;33.77
2025-12-17T09:44:18.941Z;24.22;47.59;33.49;41.94;23.15;10.85;45.83
2025-12-17T12:44:18.941Z;20.7;23.17;4.33;46.73;32.12;31.18;17.13
2025-12-17T15:44:18.941Z;13.08;33.13;25.08;41.67;6.96;23.03;13.04
2025-12-17T18:44:18.941Z;12.1;0.15;47.67;23.53;7.36;37.73;34.28
2025-12-17T21:44:18.941Z;13.19;20.36;17.37;23.26;44.83;37.82;19.1
2025-12-18T00:44:18.941Z;12.46;29.18;27.47;5.99;32.22;26.38;36.78
2025-12-18T03:44:18.941Z;20.59;41.72;34.33;37.23;22.94;38.53;31.34
2025-12-18T06:44:18.941Z;21.76;34.24;7.75;30.71;15.47;29.46;5.63
